name,date,style,genre
lighthouse-at-the-hospice.jpg,1864,Impressionism,cityscape
view-at-rouelles-le-havre.jpg,1858,Realism,landscape
a-corner-of-the-studio(1).jpg,1861,Realism,self-portrait
trophies-of-the-hunt.jpg,1862,Realism,still life
a-farmyard-in-normandy(1).jpg,1863,Realism,landscape
still-life-with-bottles-1863.jpg,1863,Realism,still life
boatyard-near-honfleur.jpg,1864,Impressionism,landscape
by-the-sea.jpg,1864,Realism,landscape
farm-near-honfleur.jpg,1864,Impressionism,landscape
hauling-a-boat-ashore-honfleur.jpg,1864,Impressionism,genre painting
road-in-a-forest-fontainebleau.jpg,1864,Impressionism,landscape
road-to-the-saint-simeon-farm.jpg,1864,Impressionism,landscape
seacoast-at-saint-adresse-sunset.jpg,1864,Impressionism,landscape
spring-flowers-1864.jpg,1864,Impressionism,flower painting
street-of-the-bavolle-honfleur.jpg,1864,Impressionism,cityscape
the-chapel-notre-dame-de-grace-at-honfleur.jpg,1864,Realism,cityscape
the-coast-at-sainte-adresse.jpg,1864,Impressionism,landscape
the-pointe-of-heve-1864.jpg,1864,Impressionism,landscape
the-road-from-chailly-to-fontainebleau.jpg,1864,Realism,landscape
the-road-to-the-farm-of-saint-simeon.jpg,1864,Impressionism,landscape
the-la-rue-bavolle-at-honfleur.jpg,1864,Impressionism,cityscape
the-la-rue-bavolle-at-honfleur-2.jpg,1864,Impressionism,cityscape
the-lieutenancy-at-honfleur.jpg,1864,Impressionism,cityscape
woodbearers-in-fontainebleau-forest.jpg,1864,Impressionism,landscape
cart-on-the-snow-covered-road-with-saint-simeon-farm.jpg,1865,Impressionism,landscape
farmyard-at-chailly.jpg,1865,Impressionism,genre painting
fontainebleau-forest.jpg,1865,Impressionism,landscape
haystack.jpg,1865,Impressionism,landscape
haystacks-at-chailly-1865.jpg,1865,Impressionism,landscape
lunch-on-the-grass.jpg,1865,Impressionism,genre painting
lunch-on-the-grass-central-panel.jpg,1865,Impressionism,genre painting
lunch-on-the-grass-study.jpg,1865,Impressionism,genre painting
lunch-on-the-grass-left-panel.jpg,1865,Impressionism,genre painting
saint-adresse-beached-sailboat.jpg,1865,Impressionism,landscape
the-bodmer-oak.jpg,1865,Impressionism,landscape
the-bodmer-oak-fontainebleau.jpg,1865,Impressionism,landscape
the-headland-of-the-heve-at-low-tide.jpg,1865,Impressionism,landscape
the-pave-de-chailly.jpg,1865,Impressionism,landscape
the-pave-de-chailly-in-the-fontainbleau-forest.jpg,1865,Impressionism,landscape
the-seine-estuary-at-honfluer.jpg,1865,Impressionism,cityscape
victor-jacquemont-holding-a-parasol.jpg,1865,Impressionism,portrait
wooded-path-1865.jpg,1865,Impressionism,landscape
lunch-on-the-grass-1.jpg,1865,Impressionism,genre painting
the-pave-de-chailly-in-the-forest.jpg,1865,Impressionism,landscape
monet-dejeunersurlherbe.jpg,1866,Impressionism,genre painting
adolphe-monet-reading-in-the-garden(1).jpg,1866,Impressionism,genre painting
boats-in-the-port-of-honfleur.jpg,1866,Impressionism,cityscape
camille-also-known-as-the-woman-in-a-green-dress.jpg,1866,Realism,portrait
camille-with-a-small-dog.jpg,1866,Realism,portrait
garden-in-bloom-at-sainte-addresse.jpg,1866,Impressionism,landscape
jeanne-marguerite-lecadre-in-the-garden.jpg,1866,Impressionism,genre painting
open-sea.jpg,1866,Impressionism,marina
sailboats-1866.jpg,1866,Impressionism,marina
sailing-boats-at-honfleur.jpg,1866,Impressionism,cityscape
seascape.jpg,1866,Impressionism,marina
seascape-night-effect.jpg,1866,Impressionism,marina
the-green-wave.jpg,1866,Impressionism,marina
the-grotto-of-port-domois.jpg,1866,Impressionism,landscape
women-in-the-garden.jpg,1866,Impressionism,genre painting
jar-of-peaches.jpg,1866,Impressionism,still life
the-beach-at-honfleux.jpg,1866,Impressionism,landscape
pont-of-honfleur-sun.jpg,1866,Realism,cityscape
garden-at-sainte-adresse.jpg,1867,Impressionism,genre painting
jean-monet-in-the-craddle.jpg,1867,Impressionism,portrait
regatta-at-sainte-adresse.jpg,1867,Impressionism,cityscape
saint-germain-l-auxerrois.jpg,1867,Impressionism,cityscape
sainte-adresse-fishing-boats-on-the-shore.jpg,1867,Impressionism,landscape
still-life-with-pears-and-grapes.jpg,1867,Impressionism,still life
stormy-seascape.jpg,1867,Impressionism,marina
street-in-saint-adresse.jpg,1867,Impressionism,cityscape
taking-a-walk-on-the-cliffs-of-sainte-adresse.jpg,1867,Impressionism,landscape
the-beach-at-sainte-adresse.jpg,1867,Impressionism,landscape
the-cabin-at-saint-adresse.jpg,1867,Impressionism,landscape
the-garden-of-the-princess-1867.jpg,1867,Realism,cityscape
the-road-in-front-of-saint-simeon-farm-in-winter.jpg,1867,Impressionism,landscape
the-road-to-the-farm-of-saint-simeon-1.jpg,1867,Impressionism,landscape
the-road-to-the-farm-of-saint-simeon-in-winter.jpg,1867,Impressionism,landscape
wharf-of-louvre-paris-1867.jpg,1867,Impressionism,cityscape
fishing-boats-at-honfleur.jpg,1868,Impressionism,cityscape
fishing-boats-at-sea.jpg,1868,Impressionism,marina
fishing-boats-calm-sea.jpg,1868,Impressionism,marina
gestrandetes-boot-in-fecamp.jpg,1868,Impressionism,landscape
ice-floes-on-the-seine-at-bougival-1868.jpg,1868,Impressionism,landscape
lane-in-normandy.jpg,1868,Impressionism,landscape
portrait-of-madame-gaudibert.jpg,1868,Realism,portrait
river-scene-at-bennecourt.jpg,1868,Impressionism,genre painting
the-estuary-of-the-siene.jpg,1868,Impressionism,landscape
the-jetty-at-le-havre-1868.jpg,1868,Impressionism,cityscape
the-luncheon.jpg,1868,Realism,genre painting
the-sea-at-saint-adresse.jpg,1868,Impressionism,marina
not_detected_212144.jpg,1868,Impressionism,genre painting
bathers-at-la-grenouillere-1869.jpg,1869,Impressionism,genre painting
flowers-and-fruit.jpg,1869,Impressionism,still life
portrait-of-jean-monet-wearing-a-hat-with-a-pompom.jpg,1869,Impressionism,portrait
red-mullets.jpg,1869,Impressionism,still life
rough-sea-at-etretat-1869.jpg,1869,Impressionism,landscape
the-bridge-at-bougival.jpg,1869,Impressionism,cityscape
the-dinner-1869.jpg,1869,Impressionism,genre painting
the-dinner-1869-1.jpg,1869,Impressionism,genre painting
the-landing-state.jpg,1869,Impressionism,genre painting
the-magpie-1869.jpg,1869,Impressionism,landscape
the-seine-at-bougival.jpg,1869,Impressionism,landscape
the-grenouillère.jpg,1869,Impressionism,genre painting
the-seine-at-bougival-in-the-evening.jpg,1869,Impressionism,landscape
camille-on-the-beach-at-trouville.jpg,1870,Impressionism,portrait
entrance-to-the-port-of-honfleur.jpg,1870,Impressionism,marina
entrance-to-the-port-of-trouville.jpg,1870,Impressionism,genre painting
infantry-guards-wandering-along-the-river.jpg,1870,Impressionism,genre painting
path-through-the-forest-snow-effect.jpg,1870,Impressionism,landscape
road-at-louveciennes-melting-snow-sunset.jpg,1870,Impressionism,cityscape
the-beach-at-trouville.jpg,1870,Impressionism,genre painting
the-boardwalk-on-the-beach-at-trouville.jpg,1870,Impressionism,cityscape
the-hotel-des-roches-noires-at-trouville-1870.jpg,1870,Impressionism,cityscape
the-jetty-at-le-havre-bad-weather-1870.jpg,1870,Impressionism,cityscape
the-red-cape-madame-monet.jpg,1870,Impressionism,genre painting
snow-effect-the-road-to-louveciennes.jpg,1870,Impressionism,cityscape
the-boardwalk-at-trouville.jpg,1870,Impressionism,cityscape
boats-at-zaandam.jpg,1871,Impressionism,cityscape
boats-in-the-pool-of-london-1871.jpg,1871,Impressionism,cityscape
camille-on-the-beach-1871.jpg,1871,Impressionism,portrait
camille-sitting-on-the-beach-at-trouville-1871.jpg,1871,Impressionism,portrait
green-park-in-london.jpg,1871,Impressionism,genre painting
houses-on-the-zaan-river-at-zaandam.jpg,1871,Impressionism,cityscape
hyde-park.jpg,1871,Impressionism,landscape
meditation-madame-monet-sitting-on-a-sofa-1871.jpg,1871,Impressionism,portrait
on-the-beach-at-trouville-1871.jpg,1871,Impressionism,genre painting
seascape-1.jpg,1871,Impressionism,landscape
the-blue-house-at-zaandam.jpg,1871,Impressionism,cityscape
the-port-at-zaandam.jpg,1871,Impressionism,cityscape
the-port-of-london.jpg,1871,Impressionism,cityscape
the-sailing-boat.jpg,1871,Impressionism,landscape
the-thames-below-westminster-1871.jpg,1871,Impressionism,cityscape
the-train-in-the-country.jpg,1871,Impressionism,landscape
the-voorzaan.jpg,1871,Impressionism,landscape
view-of-the-voorzaan-1871.jpg,1871,Impressionism,cityscape
windmill-at-zaandam.jpg,1871,Impressionism,landscape
windmill-at-zaandam-1.jpg,1871,Impressionism,landscape
windmill-near-zaandam.jpg,1871,Impressionism,landscape
windmills-at-haaldersbroek-zaandam.jpg,1871,Impressionism,landscape
windmills-in-holland.jpg,1871,Impressionism,cityscape
windmills-near-zaandam.jpg,1871,Impressionism,landscape
zaan-at-zaandam.jpg,1871,Impressionism,landscape
zaan-at-zaandam-1.jpg,1871,Impressionism,landscape
zaandam.jpg,1871,Impressionism,cityscape
zaandam-1.jpg,1871,Impressionism,cityscape
zaandam-canal.jpg,1871,Impressionism,cityscape
zaandam-little-bridge.jpg,1871,Impressionism,cityscape
zaandam-the-dike-evening.jpg,1871,Impressionism,cityscape
a-windmill-near-zaandam(1).jpg,1871,Impressionism,landscape
a-woman-reading(1).jpg,1872,Impressionism,genre painting
argenteuil(1).jpg,1872,Impressionism,landscape
argenteuil-1(1).jpg,1872,Impressionism,landscape
argenteuil-seen-from-the-small-arm-of-the-seine(1).jpg,1872,Impressionism,landscape
argenteuil-late-afternoon(1).jpg,1872,Impressionism,landscape
argenteuil-seen-from-the-small-arm-of-the-seine-1(1).jpg,1872,Impressionism,landscape
argenteuil-the-hospice(1).jpg,1872,Impressionism,cityscape
argenteuil-the-seine(1).jpg,1872,Impressionism,landscape
boats-at-rouen.jpg,1872,Impressionism,cityscape
boats-at-rest-at-petit-gennevilliers.jpg,1872,Impressionism,landscape
carrieres-saint-denis-1872.jpg,1872,Impressionism,cityscape
festival-at-argenteuil.jpg,1872,Impressionism,genre painting
fog-1872.jpg,1872,Impressionism,landscape
jean-monet-on-a-mechanical-horse.jpg,1872,Impressionism,portrait
lane-in-the-vineyards-at-argenteuil.jpg,1872,Impressionism,landscape
lilacs-in-the-sun.jpg,1872,Impressionism,landscape
regatta-at-argenteuil.jpg,1872,Impressionism,landscape
seine-at-rouen-1872.jpg,1872,Impressionism,cityscape
small-boat-on-the-small-branch-of-the-seine-at-argenteuil.jpg,1872,Impressionism,landscape
still-life-with-melon.jpg,1872,Impressionism,still life
the-banks-of-the-seine-at-argenteuil.jpg,1872,Impressionism,landscape
the-basin-at-argenteuil.jpg,1872,Impressionism,cityscape
the-boulevard-heloise-in-argenteuil.jpg,1872,Impressionism,cityscape
the-bridge-under-repair-1872.jpg,1872,Impressionism,cityscape
the-flood.jpg,1872,Impressionism,landscape
the-garden.jpg,1872,Impressionism,genre painting
the-grand-dock-at-le-havre-1872.jpg,1872,Impressionism,cityscape
the-marina-at-argenteuil-1872.jpg,1872,Impressionism,cityscape
the-mount-riboudet-in-rouen-at-spring.jpg,1872,Impressionism,landscape
the-old-rue-de-la-chaussee-argenteuil.jpg,1872,Impressionism,cityscape
the-pont-neuf.jpg,1872,Impressionism,cityscape
the-promenade-at-argenteuil.jpg,1872,Impressionism,landscape
the-promenade-at-argenteuil-02.jpg,1872,Impressionism,landscape
the-railroad-station-at-argenteuil.jpg,1872,Impressionism,cityscape
the-seine-at-petit-gennevilliers-1872.jpg,1872,Impressionism,landscape
the-seine-at-rouen.jpg,1872,Impressionism,cityscape
the-seine-near-bougival.jpg,1872,Impressionism,landscape
the-siene-at-argentuil.jpg,1872,Impressionism,cityscape
the-small-arm-of-the-seine-at-argenteuil.jpg,1872,Impressionism,landscape
the-spring-in-argentuil.jpg,1872,Impressionism,landscape
the-stream-of-robec-at-rouen-1872.jpg,1872,Impressionism,cityscape
the-tea-set.jpg,1872,Impressionism,still life
the-train.jpg,1872,Impressionism,landscape
the-wooden-bridge.jpg,1872,Impressionism,cityscape
trees-in-bloom.jpg,1872,Impressionism,landscape
view-of-rouen.jpg,1872,Impressionism,cityscape
view-to-the-plain-of-argenteuil.jpg,1872,Impressionism,landscape
the-seine-below-rouen.jpg,1872,Impressionism,cityscape
impression-sunrise.jpg,1872,Impressionism,cityscape
field-of-poppies.jpg,1873,Impressionism,landscape
apple-trees-in-bloom(1).jpg,1873,Impressionism,landscape
autumn-effect-at-argenteuil-1873.jpg,1873,Impressionism,landscape
autumn-on-the-seine-at-argenteuil.jpg,1873,Impressionism,landscape
boats-on-rapair.jpg,1873,Impressionism,marina
camille-and-jean-monet-in-the-garden-at-argenteuil.jpg,1873,Impressionism,genre painting
camille-monet-at-the-window-argentuile.jpg,1873,Impressionism,portrait
camille-monet-in-the-garden.jpg,1873,Impressionism,portrait
camille-monet-on-a-garden-bench.jpg,1873,Impressionism,portrait
cliff-at-sainte-adresse.jpg,1873,Impressionism,landscape
fishing-boats-at-etretat.jpg,1873,Impressionism,landscape
lilacs-grey-weather.jpg,1873,Impressionism,landscape
pleasure-boats-argenteuil-c-1872-3-oil-on-canvas.jpg,1873,Impressionism,landscape
port-d-amount-etretat.jpg,1873,Impressionism,landscape
promenade-near-argenteuil-1873.jpg,1873,Impressionism,genre painting
railway-bridge-at-argenteuil-1873.jpg,1873,Impressionism,landscape
sailing-at-sainte-adresse.jpg,1873,Impressionism,landscape
seine-at-asnieres-1873.jpg,1873,Impressionism,cityscape
ships-in-harbor.jpg,1873,Impressionism,marina
springtime.jpg,1873,Impressionism,landscape
sunrise-the-sea.jpg,1873,Impressionism,marina
the-artist-s-house-at-argenteuil.jpg,1873,Impressionism,genre painting
the-garden-of-monet-at-argenteuil.jpg,1873,Impressionism,landscape
the-luncheon-1.jpg,1873,Impressionism,genre painting
the-plain-of-colombes-white-frost-1873.jpg,1873,Impressionism,landscape
the-pond-with-ducks-in-autumn.jpg,1873,Impressionism,landscape
the-port-of-le-havre-night-effect.jpg,1873,Impressionism,marina
the-seine-at-asnieres-02.jpg,1873,Impressionism,cityscape
the-seine-at-asnieres-03.jpg,1873,Impressionism,cityscape
the-sheltered-path.jpg,1873,Impressionism,landscape
view-of-le-havre-1873.jpg,1873,Impressionism,cityscape
walk-in-the-meadows-at-argenteuil.jpg,1873,Impressionism,landscape
5.jpg,1873,Impressionism,genre painting
the-railway-bridge-at-argenteuil.jpg,1873,Impressionism,landscape
houses-at-argenteuil.jpg,1873,Impressionism,cityscape
the-siene-at-argentuil-1.jpg,1873,Impressionism,landscape
zaandam-1874.jpg,1874,Impressionism,cityscape
amsterdam-in-the-snow(1).jpg,1874,Impressionism,cityscape
boaters-at-argenteuil.jpg,1874,Impressionism,genre painting
boulevard-of-capucines-1874.jpg,1874,Impressionism,cityscape
canal-in-amsterdam.jpg,1874,Impressionism,cityscape
fishing-boats-leaving-the-harbor-le-havre.jpg,1874,Impressionism,cityscape
geese-in-the-creek.jpg,1874,Impressionism,landscape
geldersekade-of-amsterdam-invierno-1874.jpg,1874,Impressionism,cityscape
meadow-at-bezons.jpg,1874,Impressionism,landscape
railway-bridge-at-argenteuil-1874.jpg,1874,Impressionism,landscape
regatta-at-argenteuil-1.jpg,1874,Impressionism,landscape
sailboat-at-le-petit-gennevilliers.jpg,1874,Impressionism,landscape
snow-at-argenteuil.jpg,1874,Impressionism,landscape
snow-at-argenteuil-02.jpg,1874,Impressionism,landscape
sunset-on-the-siene.jpg,1874,Impressionism,landscape
the-banks-of-the-seine-at-the-argenteuil-bridge.jpg,1874,Impressionism,landscape
the-boats-regatta-at-argenteuil.jpg,1874,Impressionism,landscape
the-bridge-at-argenteuil.jpg,1874,Impressionism,cityscape
the-bridge-at-argenteuil-1.jpg,1874,Impressionism,cityscape
the-bridge-at-argenteuil-grey-weather.jpg,1874,Impressionism,cityscape
the-bridge-over-the-seine.jpg,1874,Impressionism,cityscape
the-bridge-amsterdam.jpg,1874,Impressionism,cityscape
the-havre-the-bassin-trade.jpg,1874,Impressionism,cityscape
the-promenade-near-the-bridge-of-argenteuil.jpg,1874,Impressionism,landscape
the-railway-bridge-at-argenteuil-1.jpg,1874,Impressionism,landscape
the-sea-at-amsterdam.jpg,1874,Impressionism,marina
the-sea-port-in-amsterdam.jpg,1874,Impressionism,marina
the-seine-at-argenteuil.jpg,1874,Impressionism,landscape
the-seine-near-argenteuil.jpg,1874,Impressionism,landscape
the-studio-boat.jpg,1874,Impressionism,landscape
the-allee-du-champ-de-foire-at-argenteuil.jpg,1874,Impressionism,landscape
the-pool-seen-from-the-bridge-argenteuil.jpg,1874,Impressionism,landscape
the-promenade-at-argenteuil-soleil-couchant.jpg,1874,Impressionism,landscape
view-of-amsterdam.jpg,1874,Impressionism,cityscape
view-of-the-old-outer-harbor-at-le-havre.jpg,1874,Impressionism,cityscape
windmill-on-the-onbekende-canal-amsterdam.jpg,1874,Impressionism,cityscape
zaandam-the-dike.jpg,1874,Impressionism,cityscape
zuiderkerk-in-amsterdam.jpg,1874,Impressionism,cityscape
fruit-trees.jpg,1874,Impressionism,landscape
not_detected_212148.jpg,1874,Impressionism,cityscape
the-afternoon-meal.jpg,1874,Impressionism,landscape
the-red-boats-argenteuil.jpg,1875,Impressionism,marina
snow-effect-with-setting-sun-1875.jpg,1875,Impressionism,cityscape
argenteuil-red-boats-1875.jpg,1875,Impressionism,landscape
argenteuil-1875(1).jpg,1875,Impressionism,landscape
argenteuil-2(1).jpg,1875,Impressionism,landscape
argenteuil-yachts-02(1).jpg,1875,Impressionism,landscape
boulevard-saint-denis-argenteuil-in-winter-1875.jpg,1875,Impressionism,cityscape
coal-dockers.jpg,1875,Impressionism,genre painting
corner-of-the-apartment.jpg,1875,Impressionism,self-portrait
frost.jpg,1875,Impressionism,cityscape
girls-in-the-garden.jpg,1875,Impressionism,flower painting
in-the-garden.jpg,1875,Impressionism,genre painting
madame-monet-and-child(1).jpg,1875,Impressionism,portrait
madame-monet-embroidering-1875.jpg,1875,Impressionism,portrait
meadow-with-poplars.jpg,1875,Impressionism,landscape
poppy-field-argenteuil.jpg,1875,Impressionism,landscape
red-boats-argenteuil-1875-oil-on-canvas-1875.jpg,1875,Impressionism,landscape
snow-at-argenteuil-1.jpg,1875,Impressionism,landscape
snow-effect-the-boulevard-de-pontoise-at-argenteuil.jpg,1875,Impressionism,cityscape
snow-effect-the-street-in-argentuil.jpg,1875,Impressionism,cityscape
snow-scene-at-argenteuil.jpg,1875,Impressionism,landscape
spring-1875.jpg,1875,Impressionism,landscape
the-artist-s-family-in-the-garden.jpg,1875,Impressionism,genre painting
the-promenade-near-argenteuil.jpg,1875,Impressionism,genre painting
the-promenade-argenteuil.jpg,1875,Impressionism,genre painting
the-promenade-woman-with-a-parasol.jpg,1875,Impressionism,genre painting
the-riverbank-at-petit-gennevilliers.jpg,1875,Impressionism,landscape
the-riverbank-at-petit-gennevilliers-sunset.jpg,1875,Impressionism,landscape
the-seine-at-argenteuil-1875.jpg,1875,Impressionism,landscape
the-summer-poppy-field.jpg,1875,Impressionism,landscape
the-tow-path-at-argenteuil-winter.jpg,1875,Impressionism,landscape
train-in-the-snow-at-argenteuil-1875.jpg,1875,Impressionism,landscape
train-in-the-snow-or-the-locomotive-1875.jpg,1875,Impressionism,genre painting
view-of-argenteuil-in-the-snow.jpg,1875,Impressionism,cityscape
white-frost.jpg,1875,Impressionism,cityscape
woman-with-a-parasol-in-the-garden-in-argenteuil.jpg,1875,Impressionism,genre painting
the-tuileries-study-1876.jpg,1876,Impressionism,landscape
arriving-at-montegeron(1).jpg,1876,Impressionism,landscape
camille-monet-in-the-garden-at-the-house-in-argenteuil.jpg,1876,Impressionism,landscape
camille-with-green-parasol.jpg,1876,Impressionism,portrait
evening-at-argenteuil.jpg,1876,Impressionism,landscape
gladioli.jpg,1876,Impressionism,genre painting
in-the-meadow.jpg,1876,Impressionism,genre painting
japan-s-camille-monet-in-japanese-costume-1876.jpg,1876,Japonism,portrait
park-monceau.jpg,1876,Impressionism,landscape
park-monceau-paris.jpg,1876,Impressionism,landscape
relaxing-in-the-garden-argenteuil.jpg,1876,Impressionism,genre painting
saint-lazare-station-exterior.jpg,1876,Impressionism,cityscape
study-rushes-at-argenteuil.jpg,1876,Impressionism,landscape
the-artist-s-house-in-argenteuil.jpg,1876,Impressionism,landscape
the-ball-shaped-tree-argenteuil.jpg,1876,Impressionism,landscape
the-banks-of-the-seine-in-autumn.jpg,1876,Impressionism,landscape
the-beach-at-saint-adresse.jpg,1876,Impressionism,landscape
the-boat-studio-1876.jpg,1876,Impressionism,genre painting
the-garden-1.jpg,1876,Impressionism,landscape
the-garden-gate-at-vetheuil.jpg,1876,Impressionism,landscape
the-pond-at-montgeron.jpg,1876,Impressionism,landscape
the-pond-at-montgeron-2.jpg,1876,Impressionism,landscape
the-shoot-1876.jpg,1876,Impressionism,genre painting
the-small-arm-of-the-seine-at-argenteuil-1.jpg,1876,Impressionism,landscape
the-studio-boat-1876.jpg,1876,Impressionism,landscape
the-tuileries-study.jpg,1876,Impressionism,landscape
the-turkeys.jpg,1876,Impressionism,animal painting
the-willows-on-the-river.jpg,1876,Impressionism,landscape
woman-in-a-garden-1876.jpg,1876,Impressionism,genre painting
wood-lane.jpg,1876,Impressionism,landscape
roses-in-the-hoshede-s-garden-at-montregon.jpg,1876,Impressionism,landscape
a-corner-of-the-garden-at-montgeron-1877(1).jpg,1877,Impressionism,landscape
argenteuil-flowers-by-the-riverbank(1).jpg,1877,Impressionism,landscape
gare-st-lazare.jpg,1877,Impressionism,genre painting
gennevilliers-plain-1877.jpg,1877,Impressionism,landscape
portrait-of-germaine-hoschede-with-a-doll-1877.jpg,1877,Impressionism,portrait
riverbank-at-argenteuil.jpg,1877,Impressionism,landscape
saint-lazare-station.jpg,1877,Impressionism,cityscape
saint-lazare-station-arrival-of-a-train.jpg,1877,Impressionism,cityscape
saint-lazare-station-exterior-1.jpg,1877,Impressionism,cityscape
saint-lazare-station-exterior-view.jpg,1877,Impressionism,cityscape
saint-lazare-station-exterior-view-1.jpg,1877,Impressionism,cityscape
saint-lazare-station-sunlight-effect.jpg,1877,Impressionism,cityscape
saint-lazare-station-the-western-region-goods-sheds.jpg,1877,Impressionism,cityscape
saint-lazare-station-track-coming-out.jpg,1877,Impressionism,cityscape
the-garden-hollyhocks.jpg,1877,Impressionism,genre painting
the-pont-de-l-europe-gare-saint-lazare-1877.jpg,1877,Impressionism,cityscape
apple-trees-near-vetheuil(1).jpg,1878,Impressionism,landscape
apple-trees-on-the-chantemesle-hill(1).jpg,1878,Impressionism,landscape
arm-of-the-seine-near-vetheuil(1).jpg,1878,Impressionism,landscape
banks-of-the-seine-at-lavacourt.jpg,1878,Impressionism,landscape
bouquet-of-gadiolas-lilies-and-dasies.jpg,1878,Impressionism,flower painting
chrysanthemums-1878.jpg,1878,Impressionism,flower painting
farmyard.jpg,1878,Impressionism,landscape
flowers-in-a-pot.jpg,1878,Impressionism,flower painting
ile-de-la-grande-jatte-through-the-trees-1878.jpg,1878,Impressionism,landscape
jean-pierre-hoschede-called-bebe-jean.jpg,1878,Impressionism,portrait
morning-on-the-seine-near-vetheuil.jpg,1878,Impressionism,landscape
park-monceau-1.jpg,1878,Impressionism,genre painting
park-monceau-2.jpg,1878,Impressionism,landscape
park-monceau-3.jpg,1878,Impressionism,landscape
small-branch-of-the-seine-1878.jpg,1878,Impressionism,landscape
the-arm-of-the-seine.jpg,1878,Impressionism,landscape
the-avenue.jpg,1878,Impressionism,landscape
the-banks-of-the-seine.jpg,1878,Impressionism,landscape
the-banks-of-the-seine-ile-de-la-grande-jatte.jpg,1878,Impressionism,landscape
the-banks-of-the-seine-lavacourt.jpg,1878,Impressionism,landscape
the-banks-of-the-seine-lavacourt-02.jpg,1878,Impressionism,landscape
the-isle-grande-jatte.jpg,1878,Impressionism,landscape
the-isle-grande-jatte-on-the-siene.jpg,1878,Impressionism,landscape
the-route-a-vetheuil.jpg,1878,Impressionism,landscape
the-rue-montargueil-with-flags.jpg,1878,Impressionism,cityscape
the-rue-montorgueil-paris.jpg,1878,Impressionism,cityscape
the-seine-at-lavacourt.jpg,1878,Impressionism,landscape
the-seine-near-vetheuil-stormy-weather.jpg,1878,Impressionism,landscape
the-small-arm-of-the-seine-at-mosseaux-evening.jpg,1878,Impressionism,landscape
the-steps.jpg,1878,Impressionism,cityscape
the-village-of-lavacourt.jpg,1878,Impressionism,landscape
tow-path-at-lavacourt.jpg,1878,Impressionism,landscape
vetheuil-the-church.jpg,1878,Impressionism,cityscape
not_detected_212135.jpg,1878,Impressionism,flower painting
entering-the-village-of-vetheuil-in-winter.jpg,1879,Impressionism,landscape
fruit-basket-with-apples-and-grapes.jpg,1879,Impressionism,still life
leon-peltier.jpg,1879,Impressionism,portrait
orchard-in-bloom.jpg,1879,Impressionism,landscape
plum-trees-in-blossom-at-vetheuil.jpg,1879,Impressionism,landscape
plums-blossom.jpg,1879,Impressionism,landscape
poppy-field-near-vetheuil.jpg,1879,Impressionism,landscape
still-life-with-apples-and-grapes.jpg,1879,Impressionism,still life
the-bend-of-the-seine-at-lavacourt-winter.jpg,1879,Impressionism,landscape
the-church-at-vetheuil-under-snow-1879.jpg,1879,Impressionism,cityscape
the-road-in-vetheuil-in-winter.jpg,1879,Impressionism,cityscape
the-seine-at-vetheuil.jpg,1879,Impressionism,landscape
the-seine-at-vetheuil-2.jpg,1879,Impressionism,landscape
the-seine-at-vetheuil-3.jpg,1879,Impressionism,cityscape
the-siene-at-lavacourt-effect-of-snow.jpg,1879,Impressionism,landscape
tree-in-flower-near-vetheuil.jpg,1879,Impressionism,landscape
vetheuil.jpg,1879,Impressionism,landscape
vetheuil-in-the-fog-1879.jpg,1879,Impressionism,landscape
vetheuil-in-winter.jpg,1879,Impressionism,landscape
vetheuil-flowering-plum-trees.jpg,1879,Impressionism,landscape
vetheuil-paysage.jpg,1879,Impressionism,landscape
vetheuil-the-church-in-winter.jpg,1879,Impressionism,cityscape
lavacourt-sun-and-snow.jpg,1879,Impressionism,landscape
camille-monet-on-her-deathbed.jpg,1879,Impressionism,portrait
meadow.jpg,1879,Impressionism,landscape
pheasants-and-plovers.jpg,1879,Impressionism,still life
the-road-to-vetheuil-snow-effect.jpg,1879,Impressionism,landscape
andre-lauvray(1).jpg,1880,Impressionism,portrait
apple-trees-in-blossom-by-the-water(1).jpg,1880,Impressionism,landscape
asters(1).jpg,1880,Impressionism,flower painting
blanche-hoschede.jpg,1880,Impressionism,portrait
bouquet-of-sunflowers.jpg,1880,Impressionism,flower painting
breakup-of-ice.jpg,1880,Impressionism,landscape
breakup-of-ice-lavacourt-grey-weather.jpg,1880,Impressionism,landscape
cliffs-of-les-petites-dalles.jpg,1880,Impressionism,landscape
floating-ice-on-the-seine.jpg,1880,Impressionism,landscape
floating-ice-on-the-seine-02.jpg,1880,Impressionism,landscape
flowers-on-the-banks-of-seine-near-vetheuil.jpg,1880,Impressionism,landscape
frost-near-vetheuil-1880.jpg,1880,Impressionism,landscape
ice-floes-on-siene.jpg,1880,Impressionism,landscape
isle-of-flowers-on-siene-near-vetheuil.jpg,1880,Impressionism,landscape
jerusalem-artichokes.jpg,1880,Impressionism,flower painting
lane-in-the-poppy-fields-ile-saint-martin.jpg,1880,Impressionism,landscape
late-afternoon-in-vetheuil.jpg,1880,Impressionism,landscape
portrait-of-jean-monet.jpg,1880,Impressionism,portrait
portrait-of-jeanne-serveau.jpg,1880,Impressionism,portrait
portrait-of-michael-with-hat-and-pom-pom.jpg,1880,Impressionism,portrait
river-thawing-near-vetheuil.jpg,1880,Impressionism,landscape
road-of-la-roche-guyon.jpg,1880,Impressionism,landscape
springtime-1.jpg,1880,Impressionism,landscape
springtime-in-vetheuil.jpg,1880,Impressionism,landscape
still-life-with-pears-and-grapes-1.jpg,1880,Impressionism,still life
claude-monet-sunset-1880-1.jpeg,1880,Impressionism,landscape
monetsoleilcouchantalavacourt-0.JPG,1880,Impressionism,landscape
1ab0deb2-6b06-4374-8478-fd7476390214.jpeg,1880,Impressionism,landscape
the-artist-s-garden-at-vétheuil.jpg,1880,Impressionism,genre painting
the-church-at-vetheuil.jpg,1880,Impressionism,cityscape
the-frost.jpg,1880,Impressionism,landscape
the-hamlet-of-chantemesie-at-the-foot-of-the-rock.jpg,1880,Impressionism,cityscape
the-hills-of-vetheuil.jpg,1880,Impressionism,cityscape
the-road-from-vetheuil.jpg,1880,Impressionism,landscape
the-road-to-vetheuil.jpg,1880,Impressionism,landscape
the-seine-and-the-chaantemesle.jpg,1880,Impressionism,landscape
the-seine-and-the-chaantemesle-hills.jpg,1880,Impressionism,landscape
the-seine-at-lavacourt-1880.jpg,1880,Impressionism,landscape
the-siene-at-vetheuil.jpg,1880,Impressionism,landscape
the-willows.jpg,1880,Impressionism,landscape
vetheuil-1.jpg,1880,Impressionism,landscape
vetheuil-2.jpg,1880,Impressionism,landscape
vetheuil-3.jpg,1880,Impressionism,landscape
vetheuil-6.jpg,1880,Impressionism,landscape
vetheuil-in-summer.jpg,1880,Impressionism,landscape
vetheuil-seen-from-ile-saint-martin.jpg,1880,Impressionism,landscape
vetheuil-under-the-sun.jpg,1880,Impressionism,landscape
vetheuil-the-church-1.jpg,1880,Impressionism,cityscape
vetheuil-the-small-arm-of-the-seine.jpg,1880,Impressionism,landscape
view-over-vetheuil.jpg,1880,Impressionism,landscape
winter-on-the-seine-lavacourt-1880.jpg,1880,Impressionism,landscape
woman-sitting-under-the-willows.jpg,1880,Impressionism,landscape
the-break-up-of-the-ice.jpg,1880,Impressionism,landscape
the-ice-floes.jpg,1880,Impressionism,landscape
floating-ice-near-vetheuil.jpg,1880,Impressionism,landscape
landscape-with-thunderstorm.jpg,1880,Impressionism,landscape
landscape-with-thunderstorm-1.jpg,1880,Impressionism,landscape
1880-sunset-at-lavacourt-oil-on-canvas-54-x-81-cm-private-collection-1.jpg,1880,Impressionism,landscape
alice-hoschede-in-the-garden(1).jpg,1881,Impressionism,portrait
boat-at-low-tide-at-fecamp.jpg,1881,Impressionism,cityscape
boats-lying-at-low-tide-at-facamp.jpg,1881,Impressionism,cityscape
calm-weather-fecamp.jpg,1881,Impressionism,landscape
chrysanthemums-1881.jpg,1881,Impressionism,flower painting
cliff-at-fecamp.jpg,1881,Impressionism,landscape
cliff-at-grainval-near-fecamp.jpg,1881,Impressionism,landscape
cliff-near-fecamp.jpg,1881,Impressionism,landscape
cliffs-of-les-petites-dalles-1.jpg,1881,Impressionism,landscape
cliffs-of-varengeville-gust-of-wind.jpg,1881,Impressionism,landscape
evening-effect-of-the-seine.jpg,1881,Impressionism,landscape
flood-of-the-seine-at-vetheuil.jpg,1881,Impressionism,landscape
flowers-at-vetheuil.jpg,1881,Impressionism,landscape
flowers-beds-at-vetheuil.jpg,1881,Impressionism,landscape
gladiolus.jpg,1881,Impressionism,flower painting
gladiolus-1.jpg,1881,Impressionism,flower painting
landscape-on-the-ile-saint-martin.jpg,1881,Impressionism,landscape
morning-by-the-sea.jpg,1881,Impressionism,landscape
on-the-cliff-at-fecamp.jpg,1881,Impressionism,landscape
on-the-coast-at-trouville.jpg,1881,Impressionism,landscape
poppy-field.jpg,1881,Impressionism,landscape
rough-sea.jpg,1881,Impressionism,marina
sea-study.jpg,1881,Impressionism,marina
seascape-near-fecamp.jpg,1881,Impressionism,landscape
spot-on-the-banks-of-the-seine.jpg,1881,Impressionism,landscape
the-artist-s-garden-at-vetheuil-1881.jpg,1881,Impressionism,genre painting
the-beach-at-fecamp.jpg,1881,Impressionism,landscape
the-church-of-vetheuil.jpg,1881,Impressionism,landscape
the-garden-at-vetheuil-1881.jpg,1881,Impressionism,landscape
the-garden-gate.jpg,1881,Impressionism,landscape
the-garden-gate-at-vetheuil-1.jpg,1881,Impressionism,landscape
the-hut-at-trouville-low-tide-1881.jpg,1881,Impressionism,landscape
the-pyramids-cliffs-at-belle-ile.jpg,1881,Impressionism,landscape
the-river.jpg,1881,Impressionism,landscape
the-sea-at-fecamp-1881.jpg,1881,Impressionism,landscape
the-sea-at-fecamp.jpg,1881,Impressionism,landscape
the-sea-seen-from-the-cliffs-of-fecamp.jpg,1881,Impressionism,landscape
the-seine-at-vetheuil-1.jpg,1881,Impressionism,landscape
the-seine-at-vetheuil-2-1.jpg,1881,Impressionism,landscape
the-spring-at-vetheuil.jpg,1881,Impressionism,landscape
the-steps-at-vetheuil.jpg,1881,Impressionism,landscape
the-thaw-at-vetheuil.jpg,1881,Impressionism,landscape
the-wheat-field.jpg,1881,Impressionism,landscape
the-seine-seen-from-the-heights-chantemesle.jpg,1881,Impressionism,landscape
vetheuil-ice-floes.jpg,1881,Impressionism,cityscape
vetheuil-l-inondation.jpg,1881,Impressionism,landscape
vetheuil-prairie-inondee.jpg,1881,Impressionism,landscape
view-over-vetheuil-1.jpg,1881,Impressionism,cityscape
view-taken-from-greinval.jpg,1881,Impressionism,landscape
waves-breaking.jpg,1881,Impressionism,marina
garden-at-vetheuil.jpg,1881,Impressionism,landscape
sunset-at-pourville-1.jpg,1882,Impressionism,landscape
alley-near-pourville(1).jpg,1882,Impressionism,landscape
anglers-on-the-seine-at-poissy(1).jpg,1882,Impressionism,genre painting
beach-and-cliffs-at-pourville-morning-effect.jpg,1882,Impressionism,landscape
church-at-varengeville-morning-1882.jpg,1882,Impressionism,landscape
cliff-at-dieppe.jpg,1882,Impressionism,landscape
cliff-at-grainval.jpg,1882,Impressionism,landscape
cliff-near-dieppe.jpg,1882,Impressionism,landscape
cliff-near-pourville.jpg,1882,Impressionism,landscape
cliffs-and-sailboats-at-pourville-1882.jpg,1882,Impressionism,landscape
cliffs-at-pourville-in-the-fog.jpg,1882,Impressionism,landscape
cliffs-near-dieppe.jpg,1882,Impressionism,landscape
cliffs-near-pourville.jpg,1882,Impressionism,landscape
cliffs-of-varengeville-gust-of-wind-1.jpg,1882,Impressionism,landscape
cliffs-walk-at-pourville.jpg,1882,Impressionism,landscape
clifftop-walk-at-pourville.jpg,1882,Impressionism,landscape
customs-house.jpg,1882,Impressionism,landscape
dieppe-1882.jpg,1882,Impressionism,cityscape
edge-of-the-cliff-at-pourville.jpg,1882,Impressionism,landscape
edge-of-the-cliff-pourville.jpg,1882,Impressionism,landscape
fisherman-s-house-in-petit-ailly.jpg,1882,Impressionism,landscape
fisherman-s-cottage-at-varengeville.jpg,1882,Impressionism,landscape
fisherman-s-house-at-varengeville.jpg,1882,Impressionism,landscape
fishing-boats-at-pourville.jpg,1882,Impressionism,marina
fishing-boats-by-the-beach-and-the-cliffs-of-pourville.jpg,1882,Impressionism,landscape
fishing-boats-off-pourville.jpg,1882,Impressionism,marina
flowers-in-a-vase.jpg,1882,Impressionism,flower painting
head-of-the-dog.jpg,1882,Impressionism,animal painting
low-tide-at-pourville.jpg,1882,Impressionism,landscape
low-tide-at-pourville-02.jpg,1882,Impressionism,marina
low-tide-at-pourville-misty-weather.jpg,1882,Impressionism,landscape
low-tide-at-varengeville.jpg,1882,Impressionism,landscape
low-tide-at-varengeville-02.jpg,1882,Impressionism,landscape
path-at-la-cavee-pourville.jpg,1882,Impressionism,landscape
path-at-pourville.jpg,1882,Impressionism,landscape
path-at-pourville-02.jpg,1882,Impressionism,landscape
path-at-varengeville.jpg,1882,Impressionism,landscape
port-of-dieppe-evening.jpg,1882,Impressionism,cityscape
portrait-of-eugenie-graff-madame-paul-1882.jpg,1882,Impressionism,portrait
portrait-of-pere-paul.jpg,1882,Impressionism,portrait
pourville.jpg,1882,Impressionism,landscape
pourville-near-dieppe.jpg,1882,Impressionism,landscape
pourville-sunset.jpg,1882,Impressionism,landscape
rising-tide-at-pourville-1882.jpg,1882,Impressionism,landscape
sailboats-at-sea-pourville.jpg,1882,Impressionism,landscape
shadows-on-the-sea-at-pourville.jpg,1882,Impressionism,landscape
sunset-foggy-weather-pourville.jpg,1882,Impressionism,landscape
the-ally-point-low-tide.jpg,1882,Impressionism,landscape
the-beach-at-pourville.jpg,1882,Impressionism,landscape
the-church-at-varengaville-grey-weather.jpg,1882,Impressionism,landscape
the-church-at-varengeville-1882.jpg,1882,Impressionism,landscape
the-church-at-varengeville.jpg,1882,Impressionism,landscape
the-church-at-varengeville-02.jpg,1882,Impressionism,landscape
the-church-at-varengeville-and-the-gorge-of-les-moutiers.jpg,1882,Impressionism,landscape
the-coast-of-varengeville.jpg,1882,Impressionism,landscape
the-custom-s-house.jpg,1882,Impressionism,landscape
the-effect-of-fog-near-dieppe.jpg,1882,Impressionism,landscape
the-fonds-at-varengeville.jpg,1882,Impressionism,landscape
the-galettes.jpg,1882,Impressionism,still life
the-manneport.jpg,1882,Impressionism,landscape
the-nets-1882.jpg,1882,Impressionism,landscape
the-rocks-at-pourville-low-tide.jpg,1882,Impressionism,landscape
the-sea-at-pourville.jpg,1882,Impressionism,marina
the-seacoast-of-pourville-low-tide.jpg,1882,Impressionism,marina
the-sunken-road-in-the-cliff-at-varangeville.jpg,1882,Impressionism,landscape
the-undergrowth-in-the-forest-of-saint-germain.jpg,1882,Impressionism,landscape
the-valley-of-the-scie-at-pouville.jpg,1882,Impressionism,landscape
the-lindens-of-poissy.jpg,1882,Impressionism,cityscape
two-anglers.jpg,1882,Impressionism,genre painting
vase-of-flowers-1882.jpg,1882,Impressionism,flower painting
vase-of-peonies.jpg,1882,Impressionism,flower painting
view-from-the-cliff-at-pourville-bright-weather.jpg,1882,Impressionism,landscape
view-over-the-sea-1882.jpg,1882,Impressionism,landscape
waves-and-rocks-at-pourville.jpg,1882,Impressionism,landscape
boats-in-the-port-of-le-havre-1883.jpg,1883,Impressionism,cityscape
boats-on-the-beach.jpg,1883,Impressionism,landscape
boats-on-the-beach-at-etretat.jpg,1883,Impressionism,landscape
boulevard-of-capucines.jpg,1883,Impressionism,cityscape
branch-of-lemons.jpg,1883,Impressionism,still life
by-the-river-at-vernon.jpg,1883,Impressionism,cityscape
christmas-roses.jpg,1883,Impressionism,flower painting
cobeas.jpg,1883,Impressionism,flower painting
dahlias.jpg,1883,Impressionism,flower painting
dahlias-2.jpg,1883,Impressionism,flower painting
etretat-sunset.jpg,1883,Impressionism,landscape
etretat-the-beach-and-the-porte-d-aval.jpg,1883,Impressionism,landscape
isleets-at-port-villez.jpg,1883,Impressionism,landscape
landscape-at-port-villez.jpg,1883,Impressionism,landscape
landscape-near-montecarlo.jpg,1883,Impressionism,landscape
lunch-under-the-canopy.jpg,1883,Impressionism,genre painting
morning-at-etretat-1883.jpg,1883,Impressionism,landscape
peaches.jpg,1883,Impressionism,still life
port-d-aval-rough-sea.jpg,1883,Impressionism,marina
purple-poppies.jpg,1883,Impressionism,flower painting
receding-waves.jpg,1883,Impressionism,landscape
red-and-pink-poppies.jpg,1883,Impressionism,flower painting
red-azaleas-in-a-pot.jpg,1883,Impressionism,flower painting
rough-sea-at-etretat-1883.jpg,1883,Impressionism,landscape
stormy-seascape-1.jpg,1883,Impressionism,landscape
the-beach-at-etretat.jpg,1883,Impressionism,landscape
the-manneport-cliff-at-etretat.jpg,1883,Impressionism,landscape
the-manneport-cliff-at-etretat-sunset.jpg,1883,Impressionism,landscape
the-manneport-rock-arch-west-of-etretat.jpg,1883,Impressionism,landscape
the-manneport-seen-from-below.jpg,1883,Impressionism,landscape
the-needle-of-etretat-low-tide.jpg,1883,Impressionism,landscape
the-road-to-monte-carlo.jpg,1883,Impressionism,landscape
the-seine-at-port-villez-1883.jpg,1883,Impressionism,landscape
the-towpath-at-granval.jpg,1883,Impressionism,landscape
three-pots-of-tulips.jpg,1883,Impressionism,flower painting
vase-of-dahlias.jpg,1883,Impressionism,flower painting
view-of-the-church-at-vernon.jpg,1883,Impressionism,cityscape
white-poppy-1883.jpg,1883,Impressionism,flower painting
not_detected_212140.jpg,1883,Impressionism,landscape
the-seine-at-port-villez.jpg,1883,Impressionism,landscape
the-valley-of-falaise.jpg,1883,Impressionism,landscape
the-olive-tree-wood-in-the-moreno-garden-1884.jpg,1884,Impressionism,landscape
view-of-bordighera-1884.jpg,1884,Impressionism,landscape
at-les-petit-dalles.jpg,1884,Impressionism,landscape
banks-of-the-seine-at-jenfosse-clear-weather.jpg,1884,Impressionism,landscape
banks-of-the-seine-at-jeufosse-autumn.jpg,1884,Impressionism,landscape
bordighera.jpg,1884,Impressionism,landscape
bordighera-italy.jpg,1884,Impressionism,landscape
bordighera-the-house-of-gardener.jpg,1884,Impressionism,landscape
branch-of-lemons-1.jpg,1884,Impressionism,still life
branch-of-orange-bearing-fruit.jpg,1884,Impressionism,still life
burgo-marina-at-bordighera.jpg,1884,Impressionism,cityscape
cap-martin.jpg,1884,Impressionism,landscape
cap-martin-2.jpg,1884,Impressionism,landscape
cap-martin-3.jpg,1884,Impressionism,landscape
cliffs-of-les-petites-dalles-2.jpg,1884,Impressionism,landscape
dolceacqua-bridge.jpg,1884,Impressionism,cityscape
fishing-boats-on-the-beach-at-etretat.jpg,1884,Impressionism,landscape
garden-in-bordighera-impression-of-morning-1884.jpg,1884,Impressionism,landscape
grove-of-olive-trees-in-bordighera.jpg,1884,Impressionism,landscape
haystacks-at-giverny.jpg,1884,Impressionism,landscape
haystacks-overcast-day.jpg,1884,Impressionism,landscape
meton-seen-from-cap-martin.jpg,1884,Impressionism,landscape
monte-carlo-seen-from-roquebrune.jpg,1884,Impressionism,cityscape
olive-tree-wood-in-the-moreno-garden.jpg,1884,Impressionism,landscape
olive-trees-study.jpg,1884,Impressionism,landscape
olive-trees-in-bordigher.jpg,1884,Impressionism,landscape
palm-tree-at-bordighera.jpg,1884,Impressionism,landscape
palm-trees-at-bordighera.jpg,1884,Impressionism,landscape
rowboat-on-the-seine-at-jeufosse.jpg,1884,Impressionism,landscape
self-portrait-in-his-atelier.jpg,1884,Impressionism,self-portrait
small-country-farm-in-bordighera.jpg,1884,Impressionism,landscape
strada-romada-in-bordighera.jpg,1884,Impressionism,landscape
the-arm-of-the-siene-at-jeufosse-afternoon.jpg,1884,Impressionism,landscape
the-castle-of-dolceacqua-1884.jpg,1884,Impressionism,landscape
the-corniche-of-monaco.jpg,1884,Impressionism,landscape
the-moreno-garden-at-bordighera.jpg,1884,Impressionism,landscape
the-red-road-at-cap-martin-near-menton.jpg,1884,Impressionism,landscape
the-red-road-near-menton-1884.jpg,1884,Impressionism,landscape
the-valley-of-sasso.jpg,1884,Impressionism,landscape
the-valley-of-sasso-blue-effect.jpg,1884,Impressionism,landscape
the-valley-of-sasso-bordighera.jpg,1884,Impressionism,landscape
the-valley-of-sasso-sunshine.jpg,1884,Impressionism,landscape
the-valley-of-the-nervia.jpg,1884,Impressionism,landscape
the-valley-of-the-nervia-with-dolceacqua.jpg,1884,Impressionism,landscape
under-the-lemon-trees.jpg,1884,Impressionism,landscape
valley-bouna-near-bordighera.jpg,1884,Impressionism,landscape
view-of-ventimiglia-1884.jpg,1884,Impressionism,landscape
villas-at-bordighera-1884.jpg,1884,Impressionism,cityscape
villas-at-bordighera-02.jpg,1884,Impressionism,landscape
villas-at-bordighera-03.jpg,1884,Impressionism,cityscape
basket-of-graphes-quinces-and-pears-1885.jpg,1885,Impressionism,still life
bennecourt.jpg,1885,Impressionism,cityscape
cliffs-at-amont.jpg,1885,Impressionism,landscape
cliffs-of-the-porte-d-aval.jpg,1885,Impressionism,landscape
etretat-the-aval-door-fishing-boats-leaving-the-harbour.jpg,1885,Impressionism,landscape
etretat-cliff-of-d-aval-sunset.jpg,1885,Impressionism,landscape
etretat-the-needle-rock-and-porte-d-aval.jpg,1885,Impressionism,landscape
fishing-boats.jpg,1885,Impressionism,marina
haystack-at-giverny.jpg,1885,Impressionism,landscape
haystacks-at-giverny-1.jpg,1885,Impressionism,landscape
houses-at-falaise-in-the-fog.jpg,1885,Impressionism,cityscape
landscape-at-port-villez-1.jpg,1885,Impressionism,landscape
meadow-with-haystacks-near-giverny.jpg,1885,Impressionism,landscape
path-at-giverny.jpg,1885,Impressionism,landscape
poppy-field-at-giverny.jpg,1885,Impressionism,landscape
poppy-field-in-a-hollow-near-giverny.jpg,1885,Impressionism,landscape
road-near-giverny.jpg,1885,Impressionism,landscape
road-near-giverny-02.jpg,1885,Impressionism,landscape
road-to-giverny-in-winter.jpg,1885,Impressionism,landscape
rocks-at-falaise-near-giverny.jpg,1885,Impressionism,landscape
section-of-the-seine-near-giverny.jpg,1885,Impressionism,landscape
stilll-life-with-anemones.jpg,1885,Impressionism,flower painting
the-banks-of-the-river-epte-in-springtime.jpg,1885,Impressionism,landscape
the-banks-of-the-seine-at-port-villez.jpg,1885,Impressionism,landscape
the-beach-and-the-falaise-d-amont.jpg,1885,Impressionism,landscape
the-departure-of-the-boats-etretat.jpg,1885,Impressionism,cityscape
the-entrance-to-giverny-under-the-snow.jpg,1885,Impressionism,landscape
the-frost-1.jpg,1885,Impressionism,landscape
the-grand-street-entering-to-argenteuil-winter.jpg,1885,Impressionism,cityscape
the-manneport-at-high-tide.jpg,1885,Impressionism,landscape
the-manneport-seen-from-the-east.jpg,1885,Impressionism,landscape
the-manneport-etretat-the-porte-d-aval.jpg,1885,Impressionism,landscape
the-manneport-reflections-of-water.jpg,1885,Impressionism,landscape
the-river-epte.jpg,1885,Impressionism,landscape
the-road-to-giverny.jpg,1885,Impressionism,landscape
the-road-to-giverny-2.jpg,1885,Impressionism,landscape
the-rock-needle-and-porte-d-aval-etretat.jpg,1885,Impressionism,landscape
the-rock-needle-and-the-porte-d-aval.jpg,1885,Impressionism,landscape
the-rock-needle-seen-through-the-porte-d-aumont.jpg,1885,Impressionism,landscape
the-seine-at-port-villez-snow-effect.jpg,1885,Impressionism,landscape
the-seine-at-port-villez-snow-effect-02.jpg,1885,Impressionism,landscape
the-seine-near-giverny.jpg,1885,Impressionism,landscape
the-seine-near-giverny-02.jpg,1885,Impressionism,landscape
the-willows-1.jpg,1885,Impressionism,landscape
three-fishing-boats.jpg,1885,Impressionism,marina
valley-of-falaise.jpg,1885,Impressionism,landscape
vase-of-tulips.jpg,1885,Impressionism,flower painting
white-azaleas-in-a-pot-1885.jpg,1885,Impressionism,flower painting
white-azaleas-in-a-pot.jpg,1885,Impressionism,flower painting
willows-in-springtime.jpg,1885,Impressionism,landscape
winter-at-giverny.jpg,1885,Impressionism,landscape
winter-landscape-at-the-val-de-falaise.jpg,1885,Impressionism,landscape
the-road-and-the-house.jpg,1885,Impressionism,landscape
not_detected_212138.jpg,1885,Impressionism,cityscape
an-orchard-in-spring(1).jpg,1886,Impressionism,landscape
belle-ile-rain-effect.jpg,1886,Impressionism,landscape
belle-ile-rocks-at-port-goulphar.jpg,1886,Impressionism,landscape
cliffs-at-pourville-rain.jpg,1886,Impressionism,landscape
coming-into-port-goulphar-belle-ile.jpg,1886,Impressionism,landscape
fields-of-flowers-and-windmills-near-leiden.jpg,1886,Impressionism,landscape
fields-of-tulip-with-the-rijnsburg-windmill.jpg,1886,Impressionism,landscape
group-of-rocks-at-port-goulphar.jpg,1886,Impressionism,landscape
haystack-at-giverny-1886.jpg,1886,Impressionism,landscape
port-donnant-belle-ile.jpg,1886,Impressionism,landscape
portrait-of-poly-fisherman-at-kervillaouen.jpg,1886,Impressionism,portrait
rain-in-belle-ile.jpg,1886,Impressionism,landscape
rocks-at-belle-ile.jpg,1886,Impressionism,landscape
rocks-at-belle-ile-port-domois.jpg,1886,Impressionism,landscape
rocks-at-port-coton-the-lion-rock-1886.jpg,1886,Impressionism,landscape
rocky-coast-and-the-lion-rock-belle-ile.jpg,1886,Impressionism,landscape
rocky-point-at-port-goulphar.jpg,1886,Impressionism,landscape
self-portrait-with-a-beret-1886.jpg,1886,Impressionism,self-portrait
snow-effect-at-falaise.jpg,1886,Impressionism,landscape
snow-effect-at-limetz-1886.jpg,1886,Impressionism,cityscape
springtime-1886.jpg,1886,Impressionism,genre painting
springtime-at-giverny.jpg,1886,Impressionism,landscape
storm-at-belle-ile.jpg,1886,Impressionism,marina
storm-on-the-cote-de-belle-ile.jpg,1886,Impressionism,marina
storm-off-the-coast-of-belle-ile-1886.jpg,1886,Impressionism,marina
sunset-at-giverny.jpg,1886,Impressionism,landscape
the-cliffs-at-etretat-1886.jpg,1886,Impressionism,landscape
the-manneport-etretat-amont-cliff-rough-weather-1886.jpg,1886,Impressionism,landscape
the-manneport-etretat-in-the-rain-1886.jpg,1886,Impressionism,landscape
the-mannerport-near-etretat.jpg,1886,Impressionism,landscape
the-promenade-study.jpg,1886,Impressionism,genre painting
the-pyramids-at-port-coton.jpg,1886,Impressionism,landscape
the-pyramids-at-port-coton-1.jpg,1886,Impressionism,landscape
the-pyramids-of-port-coton-belle-ile-en-mer.jpg,1886,Impressionism,landscape
the-rock-needle-and-the-porte-d-aval-1.jpg,1886,Impressionism,landscape
the-rock-needle-seen-through-the-porte-d-aval-1886.jpg,1886,Impressionism,landscape
tulip-field-in-holland.jpg,1886,Impressionism,landscape
tulip-fields-at-sassenheim-near-leiden-1886.jpg,1886,Impressionism,landscape
two-trees-in-a-meadow.jpg,1886,Impressionism,landscape
view-on-village-of-giverny.jpg,1886,Impressionism,landscape
willows-giverny.jpg,1886,Impressionism,landscape
winter-at-giverny-1.jpg,1886,Impressionism,landscape
woman-with-a-parasol-also-known-as-study-of-a-figure-outdoors-facing-left.jpg,1886,Impressionism,genre painting
woman-with-a-parasol-facing-right-also-known-as-study-of-a-figure-outdoors-facing-right.jpg,1886,Impressionism,portrait
the-rocks-of-belle-lle.jpg,1886,Impressionism,landscape
norman-farm-through-the-trees.jpg,1886,Impressionism,landscape
bennecourt-1.jpg,1887,Impressionism,landscape
field-of-yellow-irises-at-giverny.jpg,1887,Impressionism,landscape
fishing-on-the-river-epte.jpg,1887,Impressionism,genre painting
in-the-norvegienne-boat-at-giverny.jpg,1887,Impressionism,genre painting
in-the-woods-at-giverny-blanche-hoschede.jpg,1887,Impressionism,genre painting
landscape-at-giverny-1.jpg,1887,Impressionism,landscape
path-in-the-fog.jpg,1887,Impressionism,landscape
poplars-at-giverny.jpg,1887,Impressionism,landscape
poppies-at-giverny.jpg,1887,Impressionism,landscape
saint-lazare-gare-normandy-train.jpg,1887,Impressionism,cityscape
saint-lazare-station-exterior-view-2.jpg,1887,Impressionism,cityscape
sunlight-effect-under-the-poplars.jpg,1887,Impressionism,landscape
the-banks-of-the-river-epte-at-giverny.jpg,1887,Impressionism,landscape
the-blue-row-boat.jpg,1887,Impressionism,genre painting
the-pink-skiff-boating-on-the-ept.jpg,1887,Impressionism,genre painting
the-promenade-near-limetz.jpg,1887,Impressionism,genre painting
the-row-boat.jpg,1887,Impressionism,landscape
the-stroller-suzanne-hoschede.jpg,1887,Impressionism,portrait
trees-in-winter-view-of-bennecourt.jpg,1887,Impressionism,landscape
white-clematis-1887.jpg,1887,Impressionism,flower painting
young-girls-in-a-row-boat.jpg,1887,Impressionism,genre painting
at-the-meadow-vetheuil.jpg,1888,Impressionism,landscape
antibes-view-of-the-salis-gardens(1).jpg,1888,Impressionism,landscape
antibes-in-the-morning(1).jpg,1888,Impressionism,landscape
antibes-seen-from-the-cape-mistral-wind(1).jpg,1888,Impressionism,landscape
antibes-seen-from-the-salis-gardens-01(1).jpg,1888,Impressionism,landscape
antibes-seen-from-the-salis-gardens-02(1).jpg,1888,Impressionism,landscape
antibes-afternoon-effect(1).jpg,1888,Impressionism,landscape
at-cap-d-antibes.jpg,1888,Impressionism,landscape
at-cap-d-antibes-mistral-wind.jpg,1888,Impressionism,landscape
beach-in-juan-les-pins.jpg,1888,Impressionism,landscape
bend-in-the-river-epte.jpg,1888,Impressionism,landscape
gardener-s-house-at-antibes.jpg,1888,Impressionism,landscape
haystacks-at-giverny-the-evening-sun.jpg,1888,Impressionism,landscape
juan-les-pins.jpg,1888,Impressionism,landscape
meadow-at-giverny.jpg,1888,Impressionism,landscape
meadow-at-limetz.jpg,1888,Impressionism,landscape
meadows-in-giverny-1888.jpg,1888,Impressionism,landscape
mediteranian-coast-grey-day.jpg,1888,Impressionism,landscape
morning-landscape-giverny.jpg,1888,Impressionism,landscape
pine-trees-cap-d-antibes.jpg,1888,Impressionism,landscape
poplars-at-giverny-1.jpg,1888,Impressionism,landscape
rocks-on-the-mediterranean-coast.jpg,1888,Impressionism,landscape
the-alps-seen-from-cap-d-antibes.jpg,1888,Impressionism,landscape
the-bay-of-antibes.jpg,1888,Impressionism,landscape
the-big-blue-at-antibes.jpg,1888,Impressionism,landscape
the-big-blue-meditarranean-at-antibes.jpg,1888,Impressionism,landscape
the-big-blue-sea-in-antibes.jpg,1888,Impressionism,landscape
the-castle-in-antibes.jpg,1888,Impressionism,landscape
the-esterel-mountains.jpg,1888,Impressionism,landscape
the-gulf-juan-at-antibes.jpg,1888,Impressionism,landscape
the-gulf-of-antibes.jpg,1888,Impressionism,landscape
the-sea-and-the-alps.jpg,1888,Impressionism,marina
the-seine-near-giverny-1.jpg,1888,Impressionism,landscape
trees-by-the-seashore-at-antibes.jpg,1888,Impressionism,landscape
two-vases-with-chrysanthems.jpg,1888,Impressionism,flower painting
under-the-pine-trees-at-the-end-of-the-day.jpg,1888,Impressionism,landscape
view-of-antibes-from-the-plateau-notre-dame.jpg,1888,Impressionism,landscape
view-of-cap-d-antibes.jpg,1888,Impressionism,landscape
watermill-at-limetz.jpg,1888,Impressionism,landscape
young-girl-in-the-garden-at-giverny.jpg,1888,Impressionism,portrait
the-old-fort-at-antibes.jpg,1888,Impressionism,landscape
landscape-at-giverny.jpg,1888,Impressionism,genre painting
monet-grainstack-winter-589.jpg,1889,Impressionism,landscape
grainstack-at-giverny.jpg,1889,Impressionism,landscape
grainstacks-at-giverny-morning-effect.jpg,1889,Impressionism,landscape
grainstacks-at-giverny-sunset.jpg,1889,Impressionism,landscape
study-of-rocks.jpg,1889,Impressionism,landscape
the-creuse-valley-evening-effect-1889.jpg,1889,Impressionism,landscape
the-grande-creuse-by-the-bridge-at-vervy.jpg,1889,Impressionism,landscape
the-mill-at-vervy.jpg,1889,Impressionism,landscape
the-old-tree-at-the-confluence.jpg,1889,Impressionism,landscape
the-old-tree-gorge-of-the-petite-creuse.jpg,1889,Impressionism,landscape
the-old-tree-sunlight-on-the-petit-cruese.jpg,1889,Impressionism,landscape
the-valley-of-creuse-at-fresselines.jpg,1889,Impressionism,landscape
the-village-of-la-coche-blond-evening.jpg,1889,Impressionism,landscape
the-village-of-la-roche-blond-sunset.jpg,1889,Impressionism,landscape
torrent-of-the-petite-creuse-at-freeselines.jpg,1889,Impressionism,landscape
valley-of-the-creuse.jpg,1889,Impressionism,landscape
valley-of-the-creuse-grey-day-1889.jpg,1889,Impressionism,landscape
valley-of-the-creuse-afternoon-sunlight.jpg,1889,Impressionism,landscape
valley-of-the-creuse-grey-sky.jpg,1889,Impressionism,landscape
valley-of-the-creuse-sunlight-effect.jpg,1889,Impressionism,landscape
valley-of-the-creuse-sunset.jpg,1889,Impressionism,landscape
valley-of-the-creuse-sunset-2.jpg,1889,Impressionism,landscape
willows-at-sunset.jpg,1889,Impressionism,landscape
haystacks-white-frost-sunrise.jpg,1889,Impressionism,landscape
grainstacksbrightsunlight.jpg,1890,Impressionism,landscape
stogi-xvi-claude-monet-3266.jpg,1890,Impressionism,landscape
meules-4.jpg,1890,Impressionism,landscape
meadow-in-giverny.jpg,1890,Impressionism,landscape
oat-and-poppy-field.jpg,1890,Impressionism,landscape
oat-and-poppy-field-giverny.jpg,1890,Impressionism,landscape
poppy-field-in-giverny.jpg,1890,Impressionism,landscape
poppy-field-in-giverny-02.jpg,1890,Impressionism,landscape
portrait-of-suzanne-hoschede-with-sunflowers.jpg,1890,Impressionism,portrait
springtime-in-giverny.jpg,1890,Impressionism,landscape
the-pink-skiff.jpg,1890,Impressionism,genre painting
poppy-field-in-giverny-03.jpg,1890,Impressionism,landscape
claude-monet-meules-milieu-du-jour-haystacks-midday-google-art-project.jpg,1890,Impressionism,landscape
poplars-on-the-banks-of-the-river-epte.jpg,1891,Impressionism,landscape
monet-wildenstein-1996-1287.jpg,1891,Impressionism,landscape
monet-wildenstein-1996-1275.png,1891,Impressionism,landscape
claude-monet-haystack-in-the-evening-sun-g-sta-serlachius-fine-arts-foundation.jpg,1891,Impressionism,landscape
monet-grainstacks-in-the-sunlight-morning-effect-1890.jpg,1891,Impressionism,landscape
1385065444-grainstack-1891-01.jpg,1891,Impressionism,landscape
claude-monet-stack-of-wheat-1983-29-art-institute-of-chicago.jpg,1891,Impressionism,landscape
grainstack-sunset-1.jpg,1891,Impressionism,landscape
claude-monet-stack-of-wheat-snow-effect-overcast-day-1933-1155-art-institute-of-chicago.jpg,1891,Impressionism,landscape
grainstack-in-the-morning-snow-effect-1891.jpg,1891,Impressionism,landscape
grainstack-in-sunshine.jpeg,1891,Impressionism,landscape
meules-8.JPG,1891,Impressionism,landscape
claude-monet-stack-of-wheat-thaw-sunset-1983-166-art-institute-of-chicago.jpg,1891,Impressionism,landscape
claude-monet-stacks-of-wheat-sunset-snow-effect-1922-431-art-institute-of-chicago.jpg,1891,Impressionism,landscape
haystacks-end-of-summer-resized-2.jpg,1891,Impressionism,landscape
claude-monet-stacks-of-wheat-end-of-day-autumn-1933-444-art-institute-of-chicago.jpg,1891,Impressionism,landscape
claude-monet-french-wheatstacks-snow-effect-morning-google-art-project.jpg,1891,Impressionism,landscape
grainstacks-snow-effect-1891.jpg,1891,Impressionism,landscape
grainstacks-white-frost-effect-1891.jpg,1891,Impressionism,landscape
claude-monet-french-paris-1840-1926-giverny-haystacks-effect-of-snow-and-sun-google-art-project.jpg,1891,Impressionism,landscape
haystacks-at-sunset-frosty-weather-1891.jpg,1891,Impressionism,landscape
grainstack-sun-in-the-mist-google-art-project.jpg,1891,Impressionism,landscape
poplars.jpg,1891,Impressionism,landscape
poplars-four-trees.jpg,1891,Impressionism,landscape
poplars-at-giverny-2.jpg,1891,Impressionism,landscape
poplars-on-the-banks-of-the-epte-1891.jpg,1891,Impressionism,landscape
poplars-on-the-banks-of-the-epte.jpg,1891,Impressionism,landscape
poplars-on-the-banks-of-the-epte-autumn-1891.jpg,1891,Impressionism,landscape
poplars-on-the-banks-of-the-river-epte-overcast-weather.jpg,1891,Impressionism,landscape
poplars-on-the-epte.jpg,1891,Impressionism,landscape
poplars-autumn-pink-effect.jpg,1891,Impressionism,landscape
poplars-row-in-autumn.jpg,1891,Impressionism,landscape
poplars-wind-effect.jpg,1891,Impressionism,landscape
the-three-trees-autumn-1891.jpg,1891,Impressionism,landscape
three-trees-in-grey-weather.jpg,1891,Impressionism,landscape
three-trees-in-spring.jpg,1891,Impressionism,landscape
three-trees-in-summer.jpg,1891,Impressionism,landscape
three-trees-autumn-effect.jpg,1891,Impressionism,landscape
wheatstacks-end-of-summer-1891-1.jpg,1891,Impressionism,landscape
general-view-of-rouen-from-st-catherines-bank.jpg,1892,Impressionism,cityscape
poplars-on-the-banks-of-the-river-epte-seen-from-the-marsh-1892.jpg,1892,Impressionism,landscape
poplars-view-from-the-marsh-1892.jpg,1892,Impressionism,landscape
rouen-cathedral-study-of-the-portal.jpg,1892,Impressionism,cityscape
the-cour-d-albane.jpg,1892,Impressionism,cityscape
the-cour-d-albane-grey-weather.jpg,1892,Impressionism,cityscape
klod-mone-ruanska-katedrala-1892.jpg,1892,Impressionism,landscape
church-at-jeufosse-snowy-weather.jpg,1893,Impressionism,landscape
floating-ice-near-bennecourt.jpg,1893,Impressionism,landscape
ice-lock-port-villez.jpg,1893,Impressionism,landscape
morning-on-the-seine.jpg,1893,Impressionism,landscape
morning-on-the-seine-near-giverny-the-fog.jpg,1893,Impressionism,landscape
rouen-cathedral-1893.jpg,1893,Impressionism,cityscape
rouen-cathedral-the-portal-at-midday.jpg,1893,Impressionism,cityscape
snow-effect-giverny-1893.jpg,1893,Impressionism,landscape
the-fjord-near-christiania.jpg,1893,Impressionism,landscape
the-seine-at-bennecourt-winter.jpg,1893,Impressionism,landscape
vernon-church-in-fog-1893.jpg,1893,Impressionism,cityscape
ice-floes-misty-morning.jpg,1894,Impressionism,landscape
rouen-cathedral.jpg,1894,Impressionism,cityscape
rouen-cathedral-01.jpg,1894,Impressionism,cityscape
rouen-cathedral-02.jpg,1894,Impressionism,cityscape
rouen-cathedral-at-noon.jpg,1894,Impressionism,cityscape
rouen-cathedral-at-sunset.jpg,1894,Impressionism,cityscape
rouen-cathedral-in-the-fog.jpg,1894,Impressionism,cityscape
rouen-cathedral-clear-day.jpg,1894,Impressionism,cityscape
rouen-cathedral-evening-harmony-in-brown-1894.jpg,1894,Impressionism,cityscape
rouen-cathedral-grey-weather.jpg,1894,Impressionism,cityscape
rouen-cathedral-magic-in-blue.jpg,1894,Impressionism,cityscape
rouen-cathedral-portal-in-the-sun.jpg,1894,Impressionism,cityscape
rouen-cathedral-sunlight-effect.jpg,1894,Impressionism,cityscape
rouen-cathedral-symphony-in-grey-and-rose.jpg,1894,Impressionism,cityscape
rouen-cathedral-the-portal.jpg,1894,Impressionism,cityscape
rouen-cathedral-the-portal-and-the-tour-d-albane-at-dawn.jpg,1894,Impressionism,cityscape
rouen-cathedral-the-portal-and-the-tour-d-albane-morning-effect.jpg,1894,Impressionism,cityscape
rouen-cathedral-the-portal-and-the-tour-d-albene-grey-weather.jpg,1894,Impressionism,cityscape
rouen-cathedral-the-portal-and-the-tower-d-allban-on-the-sun.jpg,1894,Impressionism,cityscape
rouen-cathedral-the-portal-in-the-sun.jpg,1894,Impressionism,cityscape
rouen-cathedral-the-portal-morning-effect.jpg,1894,Impressionism,cityscape
rouen-cathedral-the-portal-morning-fog.jpg,1894,Impressionism,cityscape
rouen-cathedral-west-facade-noon.jpg,1894,Impressionism,cityscape
rouen-cathedral-west-facade-sunlight-1894.jpg,1894,Impressionism,cityscape
spring-landscape.jpg,1894,Impressionism,landscape
springtime-landscape.jpg,1894,Impressionism,landscape
springtime-landscape-at-giverny.jpg,1894,Impressionism,landscape
springtime-meadow-at-giverny.jpg,1894,Impressionism,landscape
the-seine-at-port-villes-clear-weather.jpg,1894,Impressionism,landscape
the-seine-at-port-villez-1.jpg,1894,Impressionism,landscape
the-seine-at-port-villez-blue-effect.jpg,1894,Impressionism,landscape
the-seine-at-port-villez-pink-effect.jpg,1894,Impressionism,landscape
the-siene-near-vernon.jpg,1894,Impressionism,landscape
rouen-cathedral-the-gate-and-the-tower.jpg,1894,Impressionism,cityscape
rouen-cathedral-the-gate-grey-weather.jpg,1894,Impressionism,cityscape
6bf6cd587ecc4e0260ec08626d9f0455.jpg,1894,Impressionism,architecture
haystacks-at-giverny-2.jpg,1895,Impressionism,landscape
houses-in-the-snow.jpg,1895,Impressionism,landscape
houses-in-the-snow-norway.jpg,1895,Impressionism,landscape
in-the-garden-1.jpg,1895,Impressionism,genre painting
mount-kolsaas.jpg,1895,Impressionism,landscape
mount-kolsaas-2.jpg,1895,Impressionism,landscape
mount-kolsaas-3.jpg,1895,Impressionism,landscape
mount-kolsaas-norway.jpg,1895,Impressionism,landscape
mount-kolsaas-rose-reflection.jpg,1895,Impressionism,landscape
norway-sandviken-village-in-the-snow.jpg,1895,Impressionism,landscape
norwegian-landscape-sandviken.jpg,1895,Impressionism,landscape
paysage-of-norway-the-blue-houses.jpg,1895,Impressionism,landscape
red-houses-at-bjornegaard-in-the-snow-norway.jpg,1895,Impressionism,cityscape
sandviken-norway.jpg,1895,Impressionism,cityscape
the-banks-of-the-fjord-at-christiania.jpg,1895,Impressionism,landscape
mount-kolsaas-in-misty-weather.jpg,1895,Impressionism,landscape
cliff-at-petit-ailly.jpg,1896,Impressionism,landscape
cliff-at-petit-ailly-at-varengeville.jpg,1896,Impressionism,landscape
cliff-at-pourville.jpg,1896,Impressionism,landscape
cliff-at-pourville-1.jpg,1896,Impressionism,landscape
cliff-at-pourville-2.jpg,1896,Impressionism,landscape
cliff-near-dieppe-1.jpg,1896,Impressionism,landscape
flood-waters.jpg,1896,Impressionism,landscape
morning-on-the-seine-1.jpg,1896,Impressionism,landscape
morning-on-the-seine-02.jpg,1896,Impressionism,landscape
morning-on-the-seine-near-giverny-1.jpg,1896,Impressionism,landscape
the-cote-sauvate.jpg,1896,Impressionism,landscape
the-japanese-bridge-the-bridge-in-monet-s-garden-1896.jpg,1896,Impressionism,landscape
at-val-saint-nicolas-near-dieppe-morning.jpg,1897,Impressionism,landscape
at-val-saint-nicolas-near-dieppe.jpg,1897,Impressionism,landscape
at-val-saint-nicolas-near-dieppe-in-the-morning.jpg,1897,Impressionism,landscape
bed-of-chrysanthemums.jpg,1897,Impressionism,flower painting
chrysanthemums-1897.jpg,1897,Impressionism,flower painting
chrysanthemums-1897-1.jpg,1897,Impressionism,flower painting
clematis.jpg,1897,Impressionism,flower painting
cliff-at-pourville-in-the-morning.jpg,1897,Impressionism,landscape
cliff-near-dieppe-2.jpg,1897,Impressionism,landscape
cliff-near-dieppe-2-1.jpg,1897,Impressionism,landscape
cliff-near-dieppe-in-the-morning.jpg,1897,Impressionism,landscape
cliff-near-dieppe-overcast-skies.jpg,1897,Impressionism,landscape
cliffs-at-pourville-morning.jpg,1897,Impressionism,landscape
customs-house-at-varengaville.jpg,1897,Impressionism,landscape
customs-house-at-varengeville-in-the-fog.jpg,1897,Impressionism,landscape
customs-house-rose-effect.jpg,1897,Impressionism,landscape
flood-at-giverny-1897.jpg,1897,Impressionism,landscape
heavy-sea-at-pourville.jpg,1897,Impressionism,landscape
ice-on-the-siene-at-bennecourt.jpg,1897,Impressionism,landscape
islands-at-port-villez-1897.jpg,1897,Impressionism,landscape
misty-morning-on-the-seine.jpg,1897,Impressionism,landscape
misty-morning-on-the-seine-in-bue.jpg,1897,Impressionism,landscape
misty-morning-on-the-seine-mauve.jpg,1897,Impressionism,landscape
misty-morning-on-the-seine-sunrise.jpg,1897,Impressionism,landscape
morning-on-the-seine-2.jpg,1897,Impressionism,landscape
morning-on-the-seine-3.jpg,1897,Impressionism,landscape
morning-on-the-seine-02-1.jpg,1897,Impressionism,landscape
morning-on-the-seine-at-giverny-02.jpg,1897,Impressionism,landscape
morning-on-the-seine-near-giverny.jpg,1897,Impressionism,landscape
morning-on-the-seine-near-giverny-02.jpg,1897,Impressionism,landscape
morning-on-the-seine-clear-weather.jpg,1897,Impressionism,landscape
morning-on-the-seine-clear-weather-02.jpg,1897,Impressionism,landscape
morning-on-the-seine-mist.jpg,1897,Impressionism,landscape
on-the-cliff-near-dieppe.jpg,1897,Impressionism,landscape
the-coastguard-cabin-at-varengeville.jpg,1897,Impressionism,landscape
the-gorge-at-varengeville-late-afternoon.jpg,1897,Impressionism,landscape
the-pointe-du-petit-ailly.jpg,1897,Impressionism,landscape
the-seine-near-giverny-2.jpg,1897,Impressionism,landscape
the-seine-near-vetheuil.jpg,1897,Impressionism,landscape
morning-on-the-seine-in-the-rain-1898.jpg,1898,Impressionism,landscape
charing-cross-bridge.jpg,1899,Impressionism,landscape
charing-cross-bridge-03.jpg,1899,Impressionism,cityscape
scaters-in-giverny.jpg,1899,Impressionism,landscape
the-japanese-bridge.jpg,1899,Impressionism,landscape
the-japanese-bridge-the-water-lily-pond-1899.jpg,1899,Impressionism,landscape
the-japanese-bridge-the-water-lily-pond.jpg,1899,Impressionism,landscape
water-lilies-1899.jpg,1899,Impressionism,flower painting
water-lilies-1899-1.jpg,1899,Impressionism,flower painting
water-lilies-1899-2.jpg,1899,Impressionism,flower painting
water-lilies-evening-effect-1899.jpg,1899,Impressionism,flower painting
water-lilies-pink-1899.jpg,1899,Impressionism,flower painting
the-artist-s-garden-at-giverny-1890.jpg,1900,Impressionism,landscape
charing-cross-bridge-overcast-weather.jpg,1900,Impressionism,cityscape
giverny-in-springtime-1900.jpg,1900,Impressionism,landscape
claude-monet-irises-in-monets-garden-1899-1900.jpg,1900,Impressionism,flower painting
pathway-in-monet-s-garden-at-giverny.jpg,1900,Impressionism,landscape
the-iris-garden-at-giverny-1900.jpg,1900,Impressionism,landscape
the-japanese-bridge-the-bridge-over-the-water-lily-pond.jpg,1900,Impressionism,landscape
the-japanese-bridge-the-water-lily-pond-and-path-by-the-water.jpg,1900,Impressionism,landscape
the-japanese-bridge-the-water-lily-pond-and-path-by-the-water-1.jpg,1900,Impressionism,landscape
the-japanese-bridge-the-water-lily-pond-symphony-in-rose.jpg,1900,Impressionism,landscape
the-japanese-bridge-the-water-lily-pond-water-irises.jpg,1900,Impressionism,landscape
waterloo-bridge-london.jpg,1900,Impressionism,cityscape
dandelions.jpg,1900,Impressionism,flower painting
pathway-in-monets-garden-at-giverny-1901.jpeg,1901,Impressionism,landscape
apple-trees-in-bloom-at-giverny-1901(1).jpg,1901,Impressionism,landscape
boats-on-the-thames-fog-effect.jpg,1901,Impressionism,landscape
boats-on-the-thames-london.jpg,1901,Impressionism,landscape
charing-cross-bridge-1.jpg,1901,Impressionism,cityscape
mmt182030-v1-1.jpg,1901,Impressionism,cityscape
charing-cross-bridge-09-1901.jpg,1901,Impressionism,landscape
charing-cross-bridge-2-1901.jpg,1901,Impressionism,landscape
charing-cross-bridge-3-1901.jpg,1901,Impressionism,landscape
charing-cross-bridge-cleopatra-s-needle-1901.jpg,1901,Impressionism,cityscape
charing-cross-bridge-reflections-on-the-thames-1901.jpg,1901,Impressionism,cityscape
houses-of-parliament-fog-effect-1901.jpg,1901,Impressionism,cityscape
houses-of-parliament-westminster-1901.jpg,1901,Impressionism,cityscape
houses-of-parlilament-sunlight-effect-1901.jpg,1901,Impressionism,cityscape
leicester-square-at-night.jpg,1901,Impressionism,cityscape
vetheuil-1901.jpg,1901,Impressionism,landscape
vetheuil-4.jpg,1901,Impressionism,landscape
vetheuil-5.jpg,1901,Impressionism,landscape
vetheuil-at-sunset.jpg,1901,Impressionism,landscape
vetheuil-afternoon.jpg,1901,Impressionism,landscape
vetheuil-morning-effect.jpg,1901,Impressionism,landscape
vetheuil-pink-effect.jpg,1901,Impressionism,landscape
waterloo-bridge-1901.jpg,1901,Impressionism,cityscape
waterloo-bridge-1901-1.jpg,1901,Impressionism,cityscape
waterloo-bridge-2-1901.jpg,1901,Impressionism,cityscape
waterloo-bridge-3-1901.jpg,1901,Impressionism,cityscape
waterloo-bridge-in-the-fog-1901.jpg,1901,Impressionism,cityscape
waterloo-bridge-dawn-1901.jpg,1901,Impressionism,cityscape
waterloo-bridge-misty-morning-1901.jpg,1901,Impressionism,cityscape
waterloo-bridge-overcast-weather-2-1901.jpg,1901,Impressionism,cityscape
not_detected_212142.jpg,1901,Impressionism,cityscape
charing-cross-bridge-1902.jpg,1902,Impressionism,cityscape
charing-cross-bridge-02.jpg,1902,Impressionism,landscape
pathway-in-monet-s-garden-at-giverny-1902.jpg,1902,Impressionism,landscape
vetheuil-barge-on-the-seine-1902.jpg,1902,Impressionism,landscape
waterloo-bridge-1902.jpg,1902,Impressionism,cityscape
waterloo-bridge-sunlight-effect.jpg,1902,Impressionism,cityscape
the-flowered-garden.jpg,1902,Impressionism,landscape
charing-cross-bridge-1903.jpg,1903,Impressionism,cityscape
charing-cross-bridge-2.jpg,1903,Impressionism,landscape
charing-cross-bridge-fog-on-the-themes.jpg,1903,Impressionism,landscape
charing-cross-bridge-the-thames.jpg,1903,Impressionism,cityscape
charing-cross-bridge-the-thames-02.jpg,1903,Impressionism,cityscape
houses-of-parliament-at-sunset.jpg,1903,Impressionism,cityscape
houses-of-parliament-in-winter.jpg,1903,Impressionism,cityscape
houses-of-parliament-fog-effect.jpg,1903,Impressionism,cityscape
houses-of-parlilament-fog-effect.jpg,1903,Impressionism,cityscape
path-at-giverny-1903.jpg,1903,Impressionism,landscape
water-lilies.jpg,1903,Impressionism,flower painting
water-lilies-1.jpg,1903,Impressionism,flower painting
water-lilies-2.jpg,1903,Impressionism,flower painting
water-lilies-the-clouds.jpg,1903,Impressionism,flower painting
waterloo-bridge.jpg,1903,Impressionism,cityscape
waterloo-bridge-at-sunset-pink-effect.jpg,1903,Impressionism,cityscape
waterloo-bridge-effect-of-fog-1903.jpg,1903,Impressionism,cityscape
waterloo-bridge-effect-of-the-sun.jpg,1903,Impressionism,cityscape
waterloo-bridge-fog.jpg,1903,Impressionism,cityscape
waterloo-bridge-grey-weather.jpg,1903,Impressionism,cityscape
waterloo-bridge-hazy-sunshine-1903.jpg,1903,Impressionism,cityscape
waterloo-bridge-london-1.jpg,1903,Impressionism,cityscape
waterloo-bridge-sunlight-effect-1.jpg,1903,Impressionism,cityscape
waterloo-bridge-sunlight-effect-2.jpg,1903,Impressionism,cityscape
waterloo-bridge-sunlight-effect-4.jpg,1903,Impressionism,cityscape
waterloo-bridge-sunlight-effect-5.jpg,1903,Impressionism,cityscape
waterloo-bridge-sunlight-in-the-fog.jpg,1903,Impressionism,cityscape
house-of-parliament-sun.jpg,1903,Impressionism,cityscape
not_detected_212150.jpg,1903,Impressionism,cityscape
houses-of-parliament.jpg,1904,Impressionism,cityscape
houses-of-parliament-effect-of-sunlight-in-the-fog.jpg,1904,Impressionism,cityscape
houses-of-parliament-london-sun-breaking-through.jpg,1904,Impressionism,cityscape
houses-of-parliament-sunset.jpg,1904,Impressionism,cityscape
houses-of-parliament-sunset-02.jpg,1904,Impressionism,cityscape
seagulls-over-the-houses-of-parliament-1904.jpg,1904,Impressionism,cityscape
water-lilies-3.jpg,1904,Impressionism,flower painting
water-lilies-4.jpg,1904,Impressionism,flower painting
water-lilies-5.jpg,1904,Impressionism,flower painting
water-lilies-6.jpg,1904,Impressionism,flower painting
water-lilies-7.jpg,1904,Impressionism,flower painting
waterloo-bridge-overcast-weather.jpg,1904,Impressionism,cityscape
waterloo-bridge-overcast-weather-1.jpg,1904,Impressionism,cityscape
the-water-lily-pond-and-bridge-1905.jpg,1905,Impressionism,landscape
parliament-reflections-on-the-thames-1905.jpg,1905,Impressionism,cityscape
the-japanese-bridge-the-bridge-over-the-water-lily-pond-1.jpg,1905,Impressionism,landscape
water-lilies-8.jpg,1905,Impressionism,flower painting
water-lilies-9.jpg,1905,Impressionism,flower painting
water-lilies-10.jpg,1905,Impressionism,flower painting
water-lilies-11.jpg,1905,Impressionism,flower painting
water-lily-pond-and-bridge.jpg,1905,Impressionism,flower painting
not_detected_212152(1).jpg,1905,Impressionism,landscape
water-lilies-12.jpg,1906,Impressionism,flower painting
water-lilies-13.jpg,1906,Impressionism,flower painting
water-lilies-14.jpg,1906,Impressionism,flower painting
water-lilies-15.jpg,1906,Impressionism,flower painting
water-lilies-1907.jpg,1907,Impressionism,flower painting
water-lilies-1907-1.jpg,1907,Impressionism,flower painting
water-lilies-16.jpg,1907,Impressionism,flower painting
water-lilies-17.jpg,1907,Impressionism,flower painting
water-lilies-18.jpg,1907,Impressionism,flower painting
water-lilies-19.jpg,1907,Impressionism,flower painting
water-lilies-20.jpg,1907,Impressionism,flower painting
water-lilies-21.jpg,1907,Impressionism,flower painting
water-lilies-22.jpg,1907,Impressionism,flower painting
water-lilies-23.jpg,1907,Impressionism,flower painting
water-lilies-24.jpg,1907,Impressionism,flower painting
water-lilies-25.jpg,1907,Impressionism,flower painting
water-lilies-26.jpg,1907,Impressionism,flower painting
water-lilies-27.jpg,1907,Impressionism,flower painting
water-lilies-28.jpg,1907,Impressionism,flower painting
water-lilies-nympheas-1907.jpg,1907,Impressionism,flower painting
gondola-in-venice.jpg,1908,Impressionism,cityscape
not_detected_212141.jpg,1908,Impressionism,cityscape
palazzo-contarini.jpg,1908,Impressionism,cityscape
palazzo-contarini-2.jpg,1908,Impressionism,cityscape
palazzo-da-mula-at-venice.jpg,1908,Impressionism,cityscape
palazzo-da-mulla.jpg,1908,Impressionism,cityscape
palazzo-dario-1908.jpg,1908,Impressionism,cityscape
palazzo-dario.jpg,1908,Impressionism,cityscape
palazzo-dario-3.jpg,1908,Impressionism,cityscape
palazzo-dario-4.jpg,1908,Impressionism,cityscape
rio-della-salute-02.jpg,1908,Impressionism,cityscape
rio-della-salute-03.jpg,1908,Impressionism,cityscape
san-giorgio-maggiore.jpg,1908,Impressionism,cityscape
san-giorgio-maggiore-2.jpg,1908,Impressionism,cityscape
san-giorgio-maggiore-3.jpg,1908,Impressionism,cityscape
san-giorgio-maggiore-at-dusk.jpg,1908,Impressionism,cityscape
san-giorgio-maggiore-twilight.jpg,1908,Impressionism,cityscape
the-doges-palace.jpg,1908,Impressionism,cityscape
the-doges-palace-seen-from-san-giorgio-maggiore.jpg,1908,Impressionism,cityscape
the-doges-palace-seen-from-san-giorgio-maggiore-2.jpg,1908,Impressionism,cityscape
the-doges-palace-seen-from-san-giorgio-maggiore-3.jpg,1908,Impressionism,cityscape
the-doges-palace-seen-from-san-giorgio-maggiore-4.jpg,1908,Impressionism,cityscape
the-doges-palace-seen-from-san-giorgio-maggiore-venice.jpg,1908,Impressionism,cityscape
the-grand-canal.jpg,1908,Impressionism,cityscape
the-grand-canal-02.jpg,1908,Impressionism,cityscape
the-grand-canal-03.jpg,1908,Impressionism,cityscape
the-grand-canal-and-santa-maria-della-salute.jpg,1908,Impressionism,cityscape
the-grand-canal-in-venice-01.jpg,1908,Impressionism,cityscape
the-grand-canal-venice.jpg,1908,Impressionism,cityscape
the-palazzo-ducale.jpg,1908,Impressionism,cityscape
the-palazzo-ducale-2.jpg,1908,Impressionism,cityscape
the-red-house.jpg,1908,Impressionism,cityscape
twilight-venice.jpg,1908,Impressionism,cityscape
venice-rio-de-santa-salute-1908.jpg,1908,Impressionism,cityscape
water-lilies-29.jpg,1908,Impressionism,flower painting
water-lilies-30.jpg,1908,Impressionism,flower painting
water-lilies-31.jpg,1908,Impressionism,flower painting
water-lilies-32.jpg,1908,Impressionism,flower painting
water-lilies-33.jpg,1908,Impressionism,flower painting
water-lilies-34.jpg,1908,Impressionism,flower painting
water-lilies-35.jpg,1908,Impressionism,flower painting
water-lilies-36.jpg,1908,Impressionism,flower painting
rose-arches-at-giverny.jpg,1913,Impressionism,landscape
rose-flowered-arches-at-giverny.jpg,1913,Impressionism,landscape
the-artist-s-house-at-giverny.jpg,1913,Impressionism,landscape
water-lilies-green-harmony-1914.jpg,1914,Impressionism,landscape
water-lilies-37.jpg,1914,Impressionism,flower painting
water-lilies-38.jpg,1914,Impressionism,flower painting
water-lilies-39.jpg,1914,Impressionism,flower painting
water-lilies-1915.jpg,1915,Impressionism,flower painting
water-lilies27-1916.jpg,1916,Impressionism,landscape
water-lilies-40.jpg,1916,Impressionism,flower painting
agapanthus-1917(1).jpg,1917,Impressionism,flower painting
agapanthus-flowers-1917(1).jpg,1917,Impressionism,flower painting
boats-in-the-port-of-honfleur-1.jpg,1917,Impressionism,cityscape
hamerocallis-1917.jpg,1917,Impressionism,flower painting
iris-at-the-sea-rose-pond-1917.jpg,1917,Impressionism,flower painting
irises-1917.jpg,1917,Impressionism,flower painting
irises-2-1917.jpg,1917,Impressionism,flower painting
irises-3-1917.jpg,1917,Impressionism,flower painting
irises-and-water-lilies-1917.jpg,1917,Impressionism,flower painting
lilac-irises-1917.jpg,1917,Impressionism,flower painting
path-through-the-irises-01-1917.jpg,1917,Impressionism,flower painting
path-through-the-irises-02-1917.jpg,1917,Impressionism,flower painting
self-portrait-1917.jpg,1917,Impressionism,self-portrait
the-yellow-irises-1917.jpg,1917,Impressionism,flower painting
water-lilies-1917.jpg,1917,Impressionism,flower painting
water-lilies-1917-1.jpg,1917,Impressionism,flower painting
water-lilies-1917-2.jpg,1917,Impressionism,flower painting
water-lilies-1917-3.jpg,1917,Impressionism,flower painting
water-lilies-1917-4.jpg,1917,Impressionism,flower painting
water-lilies-1917-5.jpg,1917,Impressionism,flower painting
water-lilies-1917-6.jpg,1917,Impressionism,flower painting
water-lilies-1917-7.jpg,1917,Impressionism,flower painting
water-lilies-1917-8.jpg,1917,Impressionism,flower painting
water-lilies-1917-9.jpg,1917,Impressionism,flower painting
water-lilies-1917-10.jpg,1917,Impressionism,flower painting
water-lilies-and-agapanthus-1917.jpg,1917,Impressionism,flower painting
water-lilies-yellow-and-lilac-1917.jpg,1917,Impressionism,flower painting
water-lily-pond.jpg,1917,Impressionism,flower painting
water-lily-pond-1.jpg,1917,Impressionism,flower painting
yellow-irises-1917.jpg,1917,Impressionism,flower painting
yellow-irises-3-1917.jpg,1917,Impressionism,flower painting
yellow-irises-and-malva-1917.jpg,1917,Impressionism,flower painting
yellow-irises-with-pink-cloud-1917.jpg,1917,Impressionism,flower painting
the-japanese-bridge-1.jpg,1918,Impressionism,landscape
water-lilies-41.jpg,1918,Impressionism,flower painting
water-lily-pond-2.jpg,1918,Impressionism,flower painting
weeping-willow-1.jpg,1918,Impressionism,landscape
the-water-lily-pond-x-1919.jpg,1919,Impressionism,landscape
the-japanis-bridge-footbridge-over-the-water-lily-pond.jpg,1919,Impressionism,landscape
water-lilies-1919.jpg,1919,Impressionism,flower painting
water-lilies-1919-1.jpg,1919,Impressionism,flower painting
water-lilies-1919-2.jpg,1919,Impressionism,flower painting
water-lilies-1919-3.jpg,1919,Impressionism,flower painting
water-lilies-1919-4.jpg,1919,Impressionism,flower painting
water-lilies-1919-5.jpg,1919,Impressionism,flower painting
water-lilies-1919-6.jpg,1919,Impressionism,flower painting
water-lilies-1919-7.jpg,1919,Impressionism,flower painting
water-lilies-1919-8.jpg,1919,Impressionism,flower painting
water-lilies-1919-9.jpg,1919,Impressionism,flower painting
water-lilies-42.jpg,1919,Impressionism,flower painting
water-lilies-43.jpg,1919,Impressionism,flower painting
water-lilies-44.jpg,1919,Impressionism,flower painting
water-lilies-45.jpg,1919,Impressionism,flower painting
water-lilies-46.jpg,1919,Impressionism,flower painting
water-lilies-and-weeping-willow-branches-1919.jpg,1919,Impressionism,flower painting
water-lilies-red-1919.jpg,1919,Impressionism,flower painting
water-lilies-reflection-of-a-weeping-willows-1919.jpg,1919,Impressionism,flower painting
water-lilies-reflections-of-weeping-willows-left-half-1919.jpg,1919,Impressionism,flower painting
water-lilies-reflections-of-weeping-willows-right-half-1919.jpg,1919,Impressionism,flower painting
water-lily-pond-1919.jpg,1919,Impressionism,flower painting
water-lily-pond-1919-1.jpg,1919,Impressionism,flower painting
water-lily-pond-1919-2.jpg,1919,Impressionism,flower painting
water-lily-pond-1919-3.jpg,1919,Impressionism,flower painting
water-lily-pond-1919-4.jpg,1919,Impressionism,flower painting
water-lily-pond-at-giverny-1919.jpg,1919,Impressionism,flower painting
weeping-willow-1919.jpg,1919,Impressionism,landscape
weeping-willow-2-1919.jpg,1919,Impressionism,landscape
weeping-willow-3-1919.jpg,1919,Impressionism,landscape
weeping-willow-4-1919.jpg,1919,Impressionism,landscape
weeping-willow-5-1919.jpg,1919,Impressionism,landscape
weeping-willow-and-water-lily-pond-1919.jpg,1919,Impressionism,landscape
weeping-willow-and-water-lily-pond-2-1919.jpg,1919,Impressionism,landscape
wisteria-left-half-1919.jpg,1919,Impressionism,flower painting
the-japanese-bridge-2.jpg,1919,Impressionism,landscape
water-lily-pond-3.jpg,1919,Impressionism,flower painting
weeping-willow.jpg,1919,Impressionism,landscape
pool-with-waterlilies-1920.jpg,1920,Impressionism,landscape
water-lilies-29-c1920.jpg,1920,Impressionism,landscape
agapanthus-center-panel-c1920.jpg,1920,Impressionism,landscape
water-lilies-1920.jpg,1920,Impressionism,flower painting
water-lilies-left-half-1920.jpg,1920,Impressionism,flower painting
water-lilies-right-half-1920.jpg,1920,Impressionism,flower painting
wisteria-1920.jpg,1920,Impressionism,flower painting
wisteria-1920-1.jpg,1920,Impressionism,flower painting
wisteria-right-half-1920.jpg,1920,Impressionism,flower painting
wisteria-2-1920.jpg,1920,Impressionism,flower painting
path-under-the-rose-arches-giverny-1922.jpg,1922,Impressionism,landscape
path-under-the-rose-trellises-giverny-1922.jpg,1922,Impressionism,landscape
path-under-the-rose-trellises-giverny-1922-1.jpg,1922,Impressionism,landscape
the-rose-path-giverny-1922.jpg,1922,Impressionism,flower painting
weeping-willow-1922.jpg,1922,Impressionism,landscape
weeping-willow-giverny-1922.jpg,1922,Impressionism,landscape
weeping-willow-giverny-1922-1.jpg,1922,Impressionism,landscape
path-under-the-rose-trellises-1924.jpg,1924,Impressionism,landscape
the-artist-s-house-from-the-rose-garden-1924.jpg,1924,Impressionism,landscape
the-artist-s-house-view-from-the-rose-garden-1924.jpg,1924,Impressionism,landscape
the-garden-at-giverny-1924.jpg,1924,Impressionism,landscape
the-house-at-giverny-viewed-from-the-rose-garden-1924.jpg,1924,Impressionism,landscape
the-house-seen-from-the-rose-garden-1924.jpg,1924,Impressionism,landscape
the-house-seen-from-the-rose-garden-3-1924.jpg,1924,Impressionism,landscape
the-japanese-bridge-1924.jpg,1924,Impressionism,landscape
the-japanese-bridge-1924-1.jpg,1924,Impressionism,landscape
the-japanese-bridge-1924-2.jpg,1924,Impressionism,landscape
the-japanese-bridge-10-1924.jpg,1924,Impressionism,landscape
the-japanese-bridge-2-1924.jpg,1924,Impressionism,landscape
the-japanese-bridge-3-1924.jpg,1924,Impressionism,landscape
the-japanese-bridge-4-1924.jpg,1924,Impressionism,landscape
the-japanese-bridge-5-1924.jpg,1924,Impressionism,landscape
the-japanese-bridge-6-1924.jpg,1924,Impressionism,landscape
the-japanese-bridge-7-1924.jpg,1924,Impressionism,landscape
the-japanese-bridge-8-1924.jpg,1924,Impressionism,landscape
the-japanis-bridge-footbridge-over-the-water-lily-pond-1924.jpg,1924,Impressionism,landscape
the-house-seen-from-the-rose-garden.jpg,1924,Impressionism,landscape
the-house-among-the-roses.jpg,1925,Impressionism,landscape
the-house-among-the-roses-2.jpg,1925,Impressionism,landscape
the-house-seen-through-the-roses.jpg,1925,Impressionism,landscape
flowering-trees-near-the-coast-1926.jpg,1925,Impressionism,landscape
port-d-aval.jpg,1926,Impressionism,landscape
the-japanese-bridge-at-giverny-1926.jpg,1926,Impressionism,landscape
the-rose-bush-1926.jpg,1926,Impressionism,flower painting
water-lilies-1926.jpg,1926,Impressionism,flower painting
water-lilies-1926-1.jpg,1926,Impressionism,flower painting
water-lilies-green-reflection-left-half-1926.jpg,1926,Impressionism,flower painting
water-lilies-green-reflection-right-half-1926.jpg,1926,Impressionism,flower painting
water-lily-pond-evening-left-panel-1926.jpg,1926,Impressionism,flower painting
water-lily-pond-evening-right-panel-1926.jpg,1926,Impressionism,flower painting
